"workflow","heldout_cohort","selector_genes","model_genes"
"all + glmnet_0","GSE73661","DDC;TSPAN7;LCN2;RHOU;SOCS3;ANXA1;SERPINA1;CHST2;FGR;PDE6A;TRPM6;CATSPERB;MOGAT2;SERPING1;KDELR3;ME1;VLDLR;PCK1;MAOA;ADH1C;ADH6;PFKFB3;SLC2A3;PPARG","DDC;TSPAN7;LCN2;RHOU;SOCS3;ANXA1;SERPINA1;CHST2;FGR;PDE6A;TRPM6;CATSPERB;MOGAT2;SERPING1;KDELR3;ME1;VLDLR;PCK1;MAOA;ADH1C;ADH6;PFKFB3;SLC2A3;PPARG"
"lasso + glmnet_0","GSE73661","LCN2;PDE6A;SERPING1;KDELR3;VLDLR;ADH6;PPARG","LCN2;PDE6A;SERPING1;KDELR3;VLDLR;ADH6;PPARG"
"enet_025 + glmnet_0","GSE73661","LCN2;RHOU;SOCS3;SERPINA1;CHST2;FGR;PDE6A;TRPM6;MOGAT2;SERPING1;KDELR3;VLDLR;ADH6;PFKFB3;SLC2A3;PPARG","LCN2;RHOU;SOCS3;SERPINA1;CHST2;FGR;PDE6A;TRPM6;MOGAT2;SERPING1;KDELR3;VLDLR;ADH6;PFKFB3;SLC2A3;PPARG"
"enet_050 + glmnet_0","GSE73661","TSPAN7;LCN2;RHOU;SOCS3;SERPINA1;FGR;PDE6A;TRPM6;MOGAT2;SERPING1;KDELR3;ME1;VLDLR;PCK1;ADH6;PFKFB3;SLC2A3;PPARG","TSPAN7;LCN2;RHOU;SOCS3;SERPINA1;FGR;PDE6A;TRPM6;MOGAT2;SERPING1;KDELR3;ME1;VLDLR;PCK1;ADH6;PFKFB3;SLC2A3;PPARG"
"enet_075 + glmnet_0","GSE73661","LCN2;SOCS3;SERPINA1;PDE6A;SERPING1;KDELR3;VLDLR;ADH6;SLC2A3;PPARG","LCN2;SOCS3;SERPINA1;PDE6A;SERPING1;KDELR3;VLDLR;ADH6;SLC2A3;PPARG"
"univ_top5 + glmnet_0","GSE73661","SLC2A3;ADH6;ADH1C;PDE6A;TRPM6","SLC2A3;ADH6;ADH1C;PDE6A;TRPM6"
"univ_top10 + glmnet_0","GSE73661","SLC2A3;ADH6;ADH1C;PDE6A;TRPM6;PPARG;SOCS3;CHST2;MAOA;PCK1","SLC2A3;ADH6;ADH1C;PDE6A;TRPM6;PPARG;SOCS3;CHST2;MAOA;PCK1"
"rf_top5 + glmnet_0","GSE73661","PDE6A;PPARG;LCN2;ADH1C;ADH6","PDE6A;PPARG;LCN2;ADH1C;ADH6"
"rf_top10 + glmnet_0","GSE73661","PDE6A;LCN2;PPARG;ADH6;ADH1C;KDELR3;SERPINA1;SERPING1;RHOU;SLC2A3","PDE6A;LCN2;PPARG;ADH6;ADH1C;KDELR3;SERPINA1;SERPING1;RHOU;SLC2A3"
"all + glmnet_0.25","GSE73661","DDC;TSPAN7;LCN2;RHOU;SOCS3;ANXA1;SERPINA1;CHST2;FGR;PDE6A;TRPM6;CATSPERB;MOGAT2;SERPING1;KDELR3;ME1;VLDLR;PCK1;MAOA;ADH1C;ADH6;PFKFB3;SLC2A3;PPARG","DDC;TSPAN7;LCN2;RHOU;SOCS3;SERPINA1;CHST2;FGR;TRPM6;CATSPERB;MOGAT2;SERPING1;KDELR3;ME1;VLDLR;PCK1;ADH1C;ADH6;PFKFB3;SLC2A3;PPARG"
"lasso + glmnet_0.25","GSE73661","LCN2;PDE6A;SERPING1;KDELR3;VLDLR;ADH6;PPARG","LCN2;PDE6A;SERPING1;KDELR3;VLDLR;ADH6;PPARG"
"enet_025 + glmnet_0.25","GSE73661","LCN2;RHOU;SOCS3;SERPINA1;CHST2;FGR;PDE6A;TRPM6;MOGAT2;SERPING1;KDELR3;VLDLR;ADH6;PFKFB3;SLC2A3;PPARG","LCN2;RHOU;SOCS3;SERPINA1;CHST2;FGR;PDE6A;TRPM6;MOGAT2;SERPING1;KDELR3;VLDLR;ADH6;PFKFB3;SLC2A3;PPARG"
"enet_050 + glmnet_0.25","GSE73661","TSPAN7;LCN2;RHOU;SOCS3;SERPINA1;FGR;PDE6A;TRPM6;MOGAT2;SERPING1;KDELR3;ME1;VLDLR;PCK1;ADH6;PFKFB3;SLC2A3;PPARG","TSPAN7;LCN2;RHOU;SOCS3;SERPINA1;FGR;PDE6A;TRPM6;MOGAT2;SERPING1;KDELR3;ME1;VLDLR;PCK1;ADH6;SLC2A3;PPARG"
"enet_075 + glmnet_0.25","GSE73661","LCN2;SOCS3;SERPINA1;PDE6A;SERPING1;KDELR3;VLDLR;ADH6;SLC2A3;PPARG","LCN2;SOCS3;SERPINA1;PDE6A;SERPING1;KDELR3;VLDLR;ADH6;SLC2A3;PPARG"
"univ_top5 + glmnet_0.25","GSE73661","SLC2A3;ADH6;ADH1C;PDE6A;TRPM6","SLC2A3;ADH6;ADH1C;PDE6A;TRPM6"
"univ_top10 + glmnet_0.25","GSE73661","SLC2A3;ADH6;ADH1C;PDE6A;TRPM6;PPARG;SOCS3;CHST2;MAOA;PCK1","SLC2A3;ADH6;ADH1C;PDE6A;TRPM6;PPARG;SOCS3;CHST2;PCK1"
"rf_top5 + glmnet_0.25","GSE73661","PDE6A;PPARG;LCN2;ADH1C;ADH6","PDE6A;PPARG;LCN2;ADH1C;ADH6"
"rf_top10 + glmnet_0.25","GSE73661","PDE6A;LCN2;PPARG;ADH6;ADH1C;KDELR3;SERPINA1;SERPING1;RHOU;SLC2A3","PDE6A;LCN2;PPARG;ADH6;KDELR3;SERPINA1;SERPING1;SLC2A3"
"all + glmnet_0.5","GSE73661","DDC;TSPAN7;LCN2;RHOU;SOCS3;ANXA1;SERPINA1;CHST2;FGR;PDE6A;TRPM6;CATSPERB;MOGAT2;SERPING1;KDELR3;ME1;VLDLR;PCK1;MAOA;ADH1C;ADH6;PFKFB3;SLC2A3;PPARG","TSPAN7;LCN2;RHOU;SOCS3;SERPINA1;TRPM6;MOGAT2;SERPING1;KDELR3;ME1;VLDLR;PCK1;ADH6;PFKFB3;SLC2A3;PPARG"
"lasso + glmnet_0.5","GSE73661","LCN2;PDE6A;SERPING1;KDELR3;VLDLR;ADH6;PPARG","LCN2;PDE6A;SERPING1;KDELR3;VLDLR;ADH6;PPARG"
"enet_025 + glmnet_0.5","GSE73661","LCN2;RHOU;SOCS3;SERPINA1;CHST2;FGR;PDE6A;TRPM6;MOGAT2;SERPING1;KDELR3;VLDLR;ADH6;PFKFB3;SLC2A3;PPARG","LCN2;RHOU;SOCS3;SERPINA1;TRPM6;MOGAT2;SERPING1;KDELR3;VLDLR;ADH6;PFKFB3;SLC2A3;PPARG"
"enet_050 + glmnet_0.5","GSE73661","TSPAN7;LCN2;RHOU;SOCS3;SERPINA1;FGR;PDE6A;TRPM6;MOGAT2;SERPING1;KDELR3;ME1;VLDLR;PCK1;ADH6;PFKFB3;SLC2A3;PPARG","TSPAN7;LCN2;RHOU;SOCS3;SERPINA1;PDE6A;TRPM6;MOGAT2;SERPING1;KDELR3;ME1;VLDLR;PCK1;ADH6;SLC2A3"
"enet_075 + glmnet_0.5","GSE73661","LCN2;SOCS3;SERPINA1;PDE6A;SERPING1;KDELR3;VLDLR;ADH6;SLC2A3;PPARG","LCN2;SOCS3;SERPINA1;SERPING1;KDELR3;VLDLR;ADH6;SLC2A3;PPARG"
"univ_top5 + glmnet_0.5","GSE73661","SLC2A3;ADH6;ADH1C;PDE6A;TRPM6","SLC2A3;ADH6;ADH1C;PDE6A;TRPM6"
"univ_top10 + glmnet_0.5","GSE73661","SLC2A3;ADH6;ADH1C;PDE6A;TRPM6;PPARG;SOCS3;CHST2;MAOA;PCK1","SLC2A3;ADH6;ADH1C;PDE6A;TRPM6;PPARG;SOCS3;CHST2;PCK1"
"rf_top5 + glmnet_0.5","GSE73661","PDE6A;PPARG;LCN2;ADH1C;ADH6","PDE6A;PPARG;LCN2;ADH6"
"rf_top10 + glmnet_0.5","GSE73661","PDE6A;LCN2;PPARG;ADH6;ADH1C;KDELR3;SERPINA1;SERPING1;RHOU;SLC2A3","LCN2;PPARG;ADH6;KDELR3;SERPING1;SLC2A3"
"all + glmnet_0.75","GSE73661","DDC;TSPAN7;LCN2;RHOU;SOCS3;ANXA1;SERPINA1;CHST2;FGR;PDE6A;TRPM6;CATSPERB;MOGAT2;SERPING1;KDELR3;ME1;VLDLR;PCK1;MAOA;ADH1C;ADH6;PFKFB3;SLC2A3;PPARG","DDC;TSPAN7;LCN2;RHOU;SOCS3;ANXA1;SERPINA1;CHST2;FGR;PDE6A;TRPM6;CATSPERB;MOGAT2;SERPING1;KDELR3;ME1;VLDLR;PCK1;ADH1C;ADH6;PFKFB3;SLC2A3;PPARG"
"lasso + glmnet_0.75","GSE73661","LCN2;PDE6A;SERPING1;KDELR3;VLDLR;ADH6;PPARG","LCN2;PDE6A;SERPING1;KDELR3;VLDLR;ADH6;PPARG"
"enet_025 + glmnet_0.75","GSE73661","LCN2;RHOU;SOCS3;SERPINA1;CHST2;FGR;PDE6A;TRPM6;MOGAT2;SERPING1;KDELR3;VLDLR;ADH6;PFKFB3;SLC2A3;PPARG","LCN2;RHOU;SOCS3;SERPINA1;TRPM6;MOGAT2;SERPING1;KDELR3;VLDLR;ADH6;PFKFB3;SLC2A3;PPARG"
"enet_050 + glmnet_0.75","GSE73661","TSPAN7;LCN2;RHOU;SOCS3;SERPINA1;FGR;PDE6A;TRPM6;MOGAT2;SERPING1;KDELR3;ME1;VLDLR;PCK1;ADH6;PFKFB3;SLC2A3;PPARG","TSPAN7;LCN2;RHOU;SOCS3;SERPINA1;TRPM6;MOGAT2;SERPING1;KDELR3;ME1;VLDLR;PCK1;ADH6;SLC2A3"
"enet_075 + glmnet_0.75","GSE73661","LCN2;SOCS3;SERPINA1;PDE6A;SERPING1;KDELR3;VLDLR;ADH6;SLC2A3;PPARG","LCN2;SOCS3;SERPINA1;PDE6A;SERPING1;KDELR3;VLDLR;ADH6;SLC2A3;PPARG"
"univ_top5 + glmnet_0.75","GSE73661","SLC2A3;ADH6;ADH1C;PDE6A;TRPM6","SLC2A3;ADH6;ADH1C;PDE6A;TRPM6"
"univ_top10 + glmnet_0.75","GSE73661","SLC2A3;ADH6;ADH1C;PDE6A;TRPM6;PPARG;SOCS3;CHST2;MAOA;PCK1","SLC2A3;ADH6;ADH1C;PDE6A;TRPM6;PPARG;SOCS3;CHST2"
"rf_top5 + glmnet_0.75","GSE73661","PDE6A;PPARG;LCN2;ADH1C;ADH6","PDE6A;PPARG;LCN2;ADH1C;ADH6"
"rf_top10 + glmnet_0.75","GSE73661","PDE6A;LCN2;PPARG;ADH6;ADH1C;KDELR3;SERPINA1;SERPING1;RHOU;SLC2A3","PDE6A;LCN2;PPARG;ADH6;KDELR3;SERPING1;SLC2A3"
"all + glmnet_1","GSE73661","DDC;TSPAN7;LCN2;RHOU;SOCS3;ANXA1;SERPINA1;CHST2;FGR;PDE6A;TRPM6;CATSPERB;MOGAT2;SERPING1;KDELR3;ME1;VLDLR;PCK1;MAOA;ADH1C;ADH6;PFKFB3;SLC2A3;PPARG","TSPAN7;LCN2;RHOU;SOCS3;SERPINA1;TRPM6;MOGAT2;SERPING1;KDELR3;ME1;VLDLR;PCK1;ADH6"
"lasso + glmnet_1","GSE73661","LCN2;PDE6A;SERPING1;KDELR3;VLDLR;ADH6;PPARG","LCN2;PDE6A;SERPING1;KDELR3;VLDLR;ADH6;PPARG"
"enet_025 + glmnet_1","GSE73661","LCN2;RHOU;SOCS3;SERPINA1;CHST2;FGR;PDE6A;TRPM6;MOGAT2;SERPING1;KDELR3;VLDLR;ADH6;PFKFB3;SLC2A3;PPARG","LCN2;RHOU;SERPINA1;CHST2;PDE6A;TRPM6;MOGAT2;SERPING1;KDELR3;VLDLR;ADH6;PFKFB3;SLC2A3"
"enet_050 + glmnet_1","GSE73661","TSPAN7;LCN2;RHOU;SOCS3;SERPINA1;FGR;PDE6A;TRPM6;MOGAT2;SERPING1;KDELR3;ME1;VLDLR;PCK1;ADH6;PFKFB3;SLC2A3;PPARG","TSPAN7;LCN2;RHOU;SERPINA1;PDE6A;TRPM6;MOGAT2;SERPING1;KDELR3;ME1;VLDLR;PCK1;ADH6;PPARG"
"enet_075 + glmnet_1","GSE73661","LCN2;SOCS3;SERPINA1;PDE6A;SERPING1;KDELR3;VLDLR;ADH6;SLC2A3;PPARG","LCN2;SOCS3;SERPINA1;PDE6A;SERPING1;KDELR3;VLDLR;ADH6;SLC2A3;PPARG"
"univ_top5 + glmnet_1","GSE73661","SLC2A3;ADH6;ADH1C;PDE6A;TRPM6","SLC2A3;ADH6;PDE6A;TRPM6"
"univ_top10 + glmnet_1","GSE73661","SLC2A3;ADH6;ADH1C;PDE6A;TRPM6;PPARG;SOCS3;CHST2;MAOA;PCK1","SLC2A3;ADH6;ADH1C;PDE6A;TRPM6;PPARG;SOCS3;CHST2"
"rf_top5 + glmnet_1","GSE73661","PDE6A;PPARG;LCN2;ADH1C;ADH6","PDE6A;PPARG;LCN2"
"rf_top10 + glmnet_1","GSE73661","PDE6A;LCN2;PPARG;ADH6;ADH1C;KDELR3;SERPINA1;SERPING1;RHOU;SLC2A3","LCN2;PPARG;ADH6;KDELR3;SERPING1;SLC2A3"
"all + svm_linear","GSE73661","DDC;TSPAN7;LCN2;RHOU;SOCS3;ANXA1;SERPINA1;CHST2;FGR;PDE6A;TRPM6;CATSPERB;MOGAT2;SERPING1;KDELR3;ME1;VLDLR;PCK1;MAOA;ADH1C;ADH6;PFKFB3;SLC2A3;PPARG","DDC;TSPAN7;LCN2;RHOU;SOCS3;ANXA1;SERPINA1;CHST2;FGR;PDE6A;TRPM6;CATSPERB;MOGAT2;SERPING1;KDELR3;ME1;VLDLR;PCK1;MAOA;ADH1C;ADH6;PFKFB3;SLC2A3;PPARG"
"lasso + svm_linear","GSE73661","LCN2;PDE6A;SERPING1;KDELR3;VLDLR;ADH6;PPARG","LCN2;PDE6A;SERPING1;KDELR3;VLDLR;ADH6;PPARG"
"enet_025 + svm_linear","GSE73661","LCN2;RHOU;SOCS3;SERPINA1;CHST2;FGR;PDE6A;TRPM6;MOGAT2;SERPING1;KDELR3;VLDLR;ADH6;PFKFB3;SLC2A3;PPARG","LCN2;RHOU;SOCS3;SERPINA1;CHST2;FGR;PDE6A;TRPM6;MOGAT2;SERPING1;KDELR3;VLDLR;ADH6;PFKFB3;SLC2A3;PPARG"
"enet_050 + svm_linear","GSE73661","TSPAN7;LCN2;RHOU;SOCS3;SERPINA1;FGR;PDE6A;TRPM6;MOGAT2;SERPING1;KDELR3;ME1;VLDLR;PCK1;ADH6;PFKFB3;SLC2A3;PPARG","TSPAN7;LCN2;RHOU;SOCS3;SERPINA1;FGR;PDE6A;TRPM6;MOGAT2;SERPING1;KDELR3;ME1;VLDLR;PCK1;ADH6;PFKFB3;SLC2A3;PPARG"
"enet_075 + svm_linear","GSE73661","LCN2;SOCS3;SERPINA1;PDE6A;SERPING1;KDELR3;VLDLR;ADH6;SLC2A3;PPARG","LCN2;SOCS3;SERPINA1;PDE6A;SERPING1;KDELR3;VLDLR;ADH6;SLC2A3;PPARG"
"univ_top5 + svm_linear","GSE73661","SLC2A3;ADH6;ADH1C;PDE6A;TRPM6","SLC2A3;ADH6;ADH1C;PDE6A;TRPM6"
"univ_top10 + svm_linear","GSE73661","SLC2A3;ADH6;ADH1C;PDE6A;TRPM6;PPARG;SOCS3;CHST2;MAOA;PCK1","SLC2A3;ADH6;ADH1C;PDE6A;TRPM6;PPARG;SOCS3;CHST2;MAOA;PCK1"
"rf_top5 + svm_linear","GSE73661","PDE6A;PPARG;LCN2;ADH1C;ADH6","PDE6A;PPARG;LCN2;ADH1C;ADH6"
"rf_top10 + svm_linear","GSE73661","PDE6A;LCN2;PPARG;ADH6;ADH1C;KDELR3;SERPINA1;SERPING1;RHOU;SLC2A3","PDE6A;LCN2;PPARG;ADH6;ADH1C;KDELR3;SERPINA1;SERPING1;RHOU;SLC2A3"
"all + svm_radial","GSE73661","DDC;TSPAN7;LCN2;RHOU;SOCS3;ANXA1;SERPINA1;CHST2;FGR;PDE6A;TRPM6;CATSPERB;MOGAT2;SERPING1;KDELR3;ME1;VLDLR;PCK1;MAOA;ADH1C;ADH6;PFKFB3;SLC2A3;PPARG","DDC;TSPAN7;LCN2;RHOU;SOCS3;ANXA1;SERPINA1;CHST2;FGR;PDE6A;TRPM6;CATSPERB;MOGAT2;SERPING1;KDELR3;ME1;VLDLR;PCK1;MAOA;ADH1C;ADH6;PFKFB3;SLC2A3;PPARG"
"lasso + svm_radial","GSE73661","LCN2;PDE6A;SERPING1;KDELR3;VLDLR;ADH6;PPARG","LCN2;PDE6A;SERPING1;KDELR3;VLDLR;ADH6;PPARG"
"enet_025 + svm_radial","GSE73661","LCN2;RHOU;SOCS3;SERPINA1;CHST2;FGR;PDE6A;TRPM6;MOGAT2;SERPING1;KDELR3;VLDLR;ADH6;PFKFB3;SLC2A3;PPARG","LCN2;RHOU;SOCS3;SERPINA1;CHST2;FGR;PDE6A;TRPM6;MOGAT2;SERPING1;KDELR3;VLDLR;ADH6;PFKFB3;SLC2A3;PPARG"
"enet_050 + svm_radial","GSE73661","TSPAN7;LCN2;RHOU;SOCS3;SERPINA1;FGR;PDE6A;TRPM6;MOGAT2;SERPING1;KDELR3;ME1;VLDLR;PCK1;ADH6;PFKFB3;SLC2A3;PPARG","TSPAN7;LCN2;RHOU;SOCS3;SERPINA1;FGR;PDE6A;TRPM6;MOGAT2;SERPING1;KDELR3;ME1;VLDLR;PCK1;ADH6;PFKFB3;SLC2A3;PPARG"
"enet_075 + svm_radial","GSE73661","LCN2;SOCS3;SERPINA1;PDE6A;SERPING1;KDELR3;VLDLR;ADH6;SLC2A3;PPARG","LCN2;SOCS3;SERPINA1;PDE6A;SERPING1;KDELR3;VLDLR;ADH6;SLC2A3;PPARG"
"univ_top5 + svm_radial","GSE73661","SLC2A3;ADH6;ADH1C;PDE6A;TRPM6","SLC2A3;ADH6;ADH1C;PDE6A;TRPM6"
"univ_top10 + svm_radial","GSE73661","SLC2A3;ADH6;ADH1C;PDE6A;TRPM6;PPARG;SOCS3;CHST2;MAOA;PCK1","SLC2A3;ADH6;ADH1C;PDE6A;TRPM6;PPARG;SOCS3;CHST2;MAOA;PCK1"
"rf_top5 + svm_radial","GSE73661","PDE6A;PPARG;LCN2;ADH1C;ADH6","PDE6A;PPARG;LCN2;ADH1C;ADH6"
"rf_top10 + svm_radial","GSE73661","PDE6A;LCN2;PPARG;ADH6;ADH1C;KDELR3;SERPINA1;SERPING1;RHOU;SLC2A3","PDE6A;LCN2;PPARG;ADH6;ADH1C;KDELR3;SERPINA1;SERPING1;RHOU;SLC2A3"
"all + rf","GSE73661","DDC;TSPAN7;LCN2;RHOU;SOCS3;ANXA1;SERPINA1;CHST2;FGR;PDE6A;TRPM6;CATSPERB;MOGAT2;SERPING1;KDELR3;ME1;VLDLR;PCK1;MAOA;ADH1C;ADH6;PFKFB3;SLC2A3;PPARG","DDC;TSPAN7;LCN2;RHOU;SOCS3;ANXA1;SERPINA1;CHST2;FGR;PDE6A;TRPM6;CATSPERB;MOGAT2;SERPING1;KDELR3;ME1;VLDLR;PCK1;MAOA;ADH1C;ADH6;PFKFB3;SLC2A3;PPARG"
"lasso + rf","GSE73661","LCN2;PDE6A;SERPING1;KDELR3;VLDLR;ADH6;PPARG","LCN2;PDE6A;SERPING1;KDELR3;VLDLR;ADH6;PPARG"
"enet_025 + rf","GSE73661","LCN2;RHOU;SOCS3;SERPINA1;CHST2;FGR;PDE6A;TRPM6;MOGAT2;SERPING1;KDELR3;VLDLR;ADH6;PFKFB3;SLC2A3;PPARG","LCN2;RHOU;SOCS3;SERPINA1;CHST2;FGR;PDE6A;TRPM6;MOGAT2;SERPING1;KDELR3;VLDLR;ADH6;PFKFB3;SLC2A3;PPARG"
"enet_050 + rf","GSE73661","TSPAN7;LCN2;RHOU;SOCS3;SERPINA1;FGR;PDE6A;TRPM6;MOGAT2;SERPING1;KDELR3;ME1;VLDLR;PCK1;ADH6;PFKFB3;SLC2A3;PPARG","TSPAN7;LCN2;RHOU;SOCS3;SERPINA1;FGR;PDE6A;TRPM6;MOGAT2;SERPING1;KDELR3;ME1;VLDLR;PCK1;ADH6;PFKFB3;SLC2A3;PPARG"
"enet_075 + rf","GSE73661","LCN2;SOCS3;SERPINA1;PDE6A;SERPING1;KDELR3;VLDLR;ADH6;SLC2A3;PPARG","LCN2;SOCS3;SERPINA1;PDE6A;SERPING1;KDELR3;VLDLR;ADH6;SLC2A3;PPARG"
"univ_top5 + rf","GSE73661","SLC2A3;ADH6;ADH1C;PDE6A;TRPM6","SLC2A3;ADH6;ADH1C;PDE6A;TRPM6"
"univ_top10 + rf","GSE73661","SLC2A3;ADH6;ADH1C;PDE6A;TRPM6;PPARG;SOCS3;CHST2;MAOA;PCK1","SLC2A3;ADH6;ADH1C;PDE6A;TRPM6;PPARG;SOCS3;CHST2;MAOA;PCK1"
"rf_top5 + rf","GSE73661","PDE6A;PPARG;LCN2;ADH1C;ADH6","PDE6A;PPARG;LCN2;ADH1C;ADH6"
"rf_top10 + rf","GSE73661","PDE6A;LCN2;PPARG;ADH6;ADH1C;KDELR3;SERPINA1;SERPING1;RHOU;SLC2A3","PDE6A;LCN2;PPARG;ADH6;ADH1C;KDELR3;SERPINA1;SERPING1;RHOU;SLC2A3"
"all + gbm","GSE73661","DDC;TSPAN7;LCN2;RHOU;SOCS3;ANXA1;SERPINA1;CHST2;FGR;PDE6A;TRPM6;CATSPERB;MOGAT2;SERPING1;KDELR3;ME1;VLDLR;PCK1;MAOA;ADH1C;ADH6;PFKFB3;SLC2A3;PPARG","DDC;TSPAN7;LCN2;RHOU;SOCS3;ANXA1;SERPINA1;CHST2;FGR;PDE6A;TRPM6;CATSPERB;MOGAT2;SERPING1;KDELR3;ME1;VLDLR;PCK1;MAOA;ADH1C;ADH6;PFKFB3;SLC2A3;PPARG"
"lasso + gbm","GSE73661","LCN2;PDE6A;SERPING1;KDELR3;VLDLR;ADH6;PPARG","LCN2;PDE6A;SERPING1;KDELR3;VLDLR;ADH6;PPARG"
"enet_025 + gbm","GSE73661","LCN2;RHOU;SOCS3;SERPINA1;CHST2;FGR;PDE6A;TRPM6;MOGAT2;SERPING1;KDELR3;VLDLR;ADH6;PFKFB3;SLC2A3;PPARG","LCN2;RHOU;SOCS3;SERPINA1;CHST2;FGR;PDE6A;TRPM6;MOGAT2;SERPING1;KDELR3;VLDLR;ADH6;PFKFB3;SLC2A3;PPARG"
"enet_050 + gbm","GSE73661","TSPAN7;LCN2;RHOU;SOCS3;SERPINA1;FGR;PDE6A;TRPM6;MOGAT2;SERPING1;KDELR3;ME1;VLDLR;PCK1;ADH6;PFKFB3;SLC2A3;PPARG","TSPAN7;LCN2;RHOU;SOCS3;SERPINA1;FGR;PDE6A;TRPM6;MOGAT2;SERPING1;KDELR3;ME1;VLDLR;PCK1;ADH6;PFKFB3;SLC2A3;PPARG"
"enet_075 + gbm","GSE73661","LCN2;SOCS3;SERPINA1;PDE6A;SERPING1;KDELR3;VLDLR;ADH6;SLC2A3;PPARG","LCN2;SOCS3;SERPINA1;PDE6A;SERPING1;KDELR3;VLDLR;ADH6;SLC2A3;PPARG"
"univ_top5 + gbm","GSE73661","SLC2A3;ADH6;ADH1C;PDE6A;TRPM6","SLC2A3;ADH6;ADH1C;PDE6A;TRPM6"
"univ_top10 + gbm","GSE73661","SLC2A3;ADH6;ADH1C;PDE6A;TRPM6;PPARG;SOCS3;CHST2;MAOA;PCK1","SLC2A3;ADH6;ADH1C;PDE6A;TRPM6;PPARG;SOCS3;CHST2;MAOA;PCK1"
"rf_top5 + gbm","GSE73661","PDE6A;PPARG;LCN2;ADH1C;ADH6","PDE6A;PPARG;LCN2;ADH1C;ADH6"
"rf_top10 + gbm","GSE73661","PDE6A;LCN2;PPARG;ADH6;ADH1C;KDELR3;SERPINA1;SERPING1;RHOU;SLC2A3","PDE6A;LCN2;PPARG;ADH6;ADH1C;KDELR3;SERPINA1;SERPING1;RHOU;SLC2A3"
"all + lda","GSE73661","DDC;TSPAN7;LCN2;RHOU;SOCS3;ANXA1;SERPINA1;CHST2;FGR;PDE6A;TRPM6;CATSPERB;MOGAT2;SERPING1;KDELR3;ME1;VLDLR;PCK1;MAOA;ADH1C;ADH6;PFKFB3;SLC2A3;PPARG","DDC;TSPAN7;LCN2;RHOU;SOCS3;ANXA1;SERPINA1;CHST2;FGR;PDE6A;TRPM6;CATSPERB;MOGAT2;SERPING1;KDELR3;ME1;VLDLR;PCK1;MAOA;ADH1C;ADH6;PFKFB3;SLC2A3;PPARG"
"lasso + lda","GSE73661","LCN2;PDE6A;SERPING1;KDELR3;VLDLR;ADH6;PPARG","LCN2;PDE6A;SERPING1;KDELR3;VLDLR;ADH6;PPARG"
"enet_025 + lda","GSE73661","LCN2;RHOU;SOCS3;SERPINA1;CHST2;FGR;PDE6A;TRPM6;MOGAT2;SERPING1;KDELR3;VLDLR;ADH6;PFKFB3;SLC2A3;PPARG","LCN2;RHOU;SOCS3;SERPINA1;CHST2;FGR;PDE6A;TRPM6;MOGAT2;SERPING1;KDELR3;VLDLR;ADH6;PFKFB3;SLC2A3;PPARG"
"enet_050 + lda","GSE73661","TSPAN7;LCN2;RHOU;SOCS3;SERPINA1;FGR;PDE6A;TRPM6;MOGAT2;SERPING1;KDELR3;ME1;VLDLR;PCK1;ADH6;PFKFB3;SLC2A3;PPARG","TSPAN7;LCN2;RHOU;SOCS3;SERPINA1;FGR;PDE6A;TRPM6;MOGAT2;SERPING1;KDELR3;ME1;VLDLR;PCK1;ADH6;PFKFB3;SLC2A3;PPARG"
"enet_075 + lda","GSE73661","LCN2;SOCS3;SERPINA1;PDE6A;SERPING1;KDELR3;VLDLR;ADH6;SLC2A3;PPARG","LCN2;SOCS3;SERPINA1;PDE6A;SERPING1;KDELR3;VLDLR;ADH6;SLC2A3;PPARG"
"univ_top5 + lda","GSE73661","SLC2A3;ADH6;ADH1C;PDE6A;TRPM6","SLC2A3;ADH6;ADH1C;PDE6A;TRPM6"
"univ_top10 + lda","GSE73661","SLC2A3;ADH6;ADH1C;PDE6A;TRPM6;PPARG;SOCS3;CHST2;MAOA;PCK1","SLC2A3;ADH6;ADH1C;PDE6A;TRPM6;PPARG;SOCS3;CHST2;MAOA;PCK1"
"rf_top5 + lda","GSE73661","PDE6A;PPARG;LCN2;ADH1C;ADH6","PDE6A;PPARG;LCN2;ADH1C;ADH6"
"rf_top10 + lda","GSE73661","PDE6A;LCN2;PPARG;ADH6;ADH1C;KDELR3;SERPINA1;SERPING1;RHOU;SLC2A3","PDE6A;LCN2;PPARG;ADH6;ADH1C;KDELR3;SERPINA1;SERPING1;RHOU;SLC2A3"
"all + naive_bayes","GSE73661","DDC;TSPAN7;LCN2;RHOU;SOCS3;ANXA1;SERPINA1;CHST2;FGR;PDE6A;TRPM6;CATSPERB;MOGAT2;SERPING1;KDELR3;ME1;VLDLR;PCK1;MAOA;ADH1C;ADH6;PFKFB3;SLC2A3;PPARG","DDC;TSPAN7;LCN2;RHOU;SOCS3;ANXA1;SERPINA1;CHST2;FGR;PDE6A;TRPM6;CATSPERB;MOGAT2;SERPING1;KDELR3;ME1;VLDLR;PCK1;MAOA;ADH1C;ADH6;PFKFB3;SLC2A3;PPARG"
"lasso + naive_bayes","GSE73661","LCN2;PDE6A;SERPING1;KDELR3;VLDLR;ADH6;PPARG","LCN2;PDE6A;SERPING1;KDELR3;VLDLR;ADH6;PPARG"
"enet_025 + naive_bayes","GSE73661","LCN2;RHOU;SOCS3;SERPINA1;CHST2;FGR;PDE6A;TRPM6;MOGAT2;SERPING1;KDELR3;VLDLR;ADH6;PFKFB3;SLC2A3;PPARG","LCN2;RHOU;SOCS3;SERPINA1;CHST2;FGR;PDE6A;TRPM6;MOGAT2;SERPING1;KDELR3;VLDLR;ADH6;PFKFB3;SLC2A3;PPARG"
"enet_050 + naive_bayes","GSE73661","TSPAN7;LCN2;RHOU;SOCS3;SERPINA1;FGR;PDE6A;TRPM6;MOGAT2;SERPING1;KDELR3;ME1;VLDLR;PCK1;ADH6;PFKFB3;SLC2A3;PPARG","TSPAN7;LCN2;RHOU;SOCS3;SERPINA1;FGR;PDE6A;TRPM6;MOGAT2;SERPING1;KDELR3;ME1;VLDLR;PCK1;ADH6;PFKFB3;SLC2A3;PPARG"
"enet_075 + naive_bayes","GSE73661","LCN2;SOCS3;SERPINA1;PDE6A;SERPING1;KDELR3;VLDLR;ADH6;SLC2A3;PPARG","LCN2;SOCS3;SERPINA1;PDE6A;SERPING1;KDELR3;VLDLR;ADH6;SLC2A3;PPARG"
"univ_top5 + naive_bayes","GSE73661","SLC2A3;ADH6;ADH1C;PDE6A;TRPM6","SLC2A3;ADH6;ADH1C;PDE6A;TRPM6"
"univ_top10 + naive_bayes","GSE73661","SLC2A3;ADH6;ADH1C;PDE6A;TRPM6;PPARG;SOCS3;CHST2;MAOA;PCK1","SLC2A3;ADH6;ADH1C;PDE6A;TRPM6;PPARG;SOCS3;CHST2;MAOA;PCK1"
"rf_top5 + naive_bayes","GSE73661","PDE6A;PPARG;LCN2;ADH1C;ADH6","PDE6A;PPARG;LCN2;ADH1C;ADH6"
"rf_top10 + naive_bayes","GSE73661","PDE6A;LCN2;PPARG;ADH6;ADH1C;KDELR3;SERPINA1;SERPING1;RHOU;SLC2A3","PDE6A;LCN2;PPARG;ADH6;ADH1C;KDELR3;SERPINA1;SERPING1;RHOU;SLC2A3"
"all + glmboost","GSE73661","DDC;TSPAN7;LCN2;RHOU;SOCS3;ANXA1;SERPINA1;CHST2;FGR;PDE6A;TRPM6;CATSPERB;MOGAT2;SERPING1;KDELR3;ME1;VLDLR;PCK1;MAOA;ADH1C;ADH6;PFKFB3;SLC2A3;PPARG","(Intercept);LCN2;CHST2;PDE6A;SERPING1;KDELR3;VLDLR;ADH6;PPARG"
"lasso + glmboost","GSE73661","LCN2;PDE6A;SERPING1;KDELR3;VLDLR;ADH6;PPARG","(Intercept);LCN2;PDE6A;SERPING1;KDELR3;VLDLR;ADH6;PPARG"
"enet_025 + glmboost","GSE73661","LCN2;RHOU;SOCS3;SERPINA1;CHST2;FGR;PDE6A;TRPM6;MOGAT2;SERPING1;KDELR3;VLDLR;ADH6;PFKFB3;SLC2A3;PPARG","(Intercept);LCN2;CHST2;PDE6A;SERPING1;KDELR3;VLDLR;ADH6;PPARG"
"enet_050 + glmboost","GSE73661","TSPAN7;LCN2;RHOU;SOCS3;SERPINA1;FGR;PDE6A;TRPM6;MOGAT2;SERPING1;KDELR3;ME1;VLDLR;PCK1;ADH6;PFKFB3;SLC2A3;PPARG","(Intercept);LCN2;PDE6A;SERPING1;KDELR3;VLDLR;ADH6;PPARG"
"enet_075 + glmboost","GSE73661","LCN2;SOCS3;SERPINA1;PDE6A;SERPING1;KDELR3;VLDLR;ADH6;SLC2A3;PPARG","(Intercept);LCN2;PDE6A;SERPING1;KDELR3;VLDLR;ADH6;PPARG"
"univ_top5 + glmboost","GSE73661","SLC2A3;ADH6;ADH1C;PDE6A;TRPM6","(Intercept);SLC2A3;ADH6;PDE6A;TRPM6"
"univ_top10 + glmboost","GSE73661","SLC2A3;ADH6;ADH1C;PDE6A;TRPM6;PPARG;SOCS3;CHST2;MAOA;PCK1","(Intercept);ADH6;PDE6A;TRPM6;PPARG;SOCS3;CHST2"
"rf_top5 + glmboost","GSE73661","PDE6A;PPARG;LCN2;ADH1C;ADH6","(Intercept);PDE6A;PPARG;LCN2;ADH6"
"rf_top10 + glmboost","GSE73661","PDE6A;LCN2;PPARG;ADH6;ADH1C;KDELR3;SERPINA1;SERPING1;RHOU;SLC2A3","(Intercept);PDE6A;LCN2;PPARG;ADH6;KDELR3;SERPING1"
"all + xgboost","GSE73661","DDC;TSPAN7;LCN2;RHOU;SOCS3;ANXA1;SERPINA1;CHST2;FGR;PDE6A;TRPM6;CATSPERB;MOGAT2;SERPING1;KDELR3;ME1;VLDLR;PCK1;MAOA;ADH1C;ADH6;PFKFB3;SLC2A3;PPARG","DDC;TSPAN7;LCN2;RHOU;SOCS3;ANXA1;SERPINA1;CHST2;FGR;PDE6A;TRPM6;CATSPERB;MOGAT2;SERPING1;KDELR3;ME1;VLDLR;PCK1;MAOA;ADH1C;ADH6;PFKFB3;SLC2A3;PPARG"
"lasso + xgboost","GSE73661","LCN2;PDE6A;SERPING1;KDELR3;VLDLR;ADH6;PPARG","LCN2;PDE6A;SERPING1;KDELR3;VLDLR;ADH6;PPARG"
"enet_025 + xgboost","GSE73661","LCN2;RHOU;SOCS3;SERPINA1;CHST2;FGR;PDE6A;TRPM6;MOGAT2;SERPING1;KDELR3;VLDLR;ADH6;PFKFB3;SLC2A3;PPARG","LCN2;RHOU;SOCS3;SERPINA1;CHST2;FGR;PDE6A;TRPM6;MOGAT2;SERPING1;KDELR3;VLDLR;ADH6;PFKFB3;SLC2A3;PPARG"
"enet_050 + xgboost","GSE73661","TSPAN7;LCN2;RHOU;SOCS3;SERPINA1;FGR;PDE6A;TRPM6;MOGAT2;SERPING1;KDELR3;ME1;VLDLR;PCK1;ADH6;PFKFB3;SLC2A3;PPARG","TSPAN7;LCN2;RHOU;SOCS3;SERPINA1;FGR;PDE6A;TRPM6;MOGAT2;SERPING1;KDELR3;ME1;VLDLR;PCK1;ADH6;PFKFB3;SLC2A3;PPARG"
"enet_075 + xgboost","GSE73661","LCN2;SOCS3;SERPINA1;PDE6A;SERPING1;KDELR3;VLDLR;ADH6;SLC2A3;PPARG","LCN2;SOCS3;SERPINA1;PDE6A;SERPING1;KDELR3;VLDLR;ADH6;SLC2A3;PPARG"
"univ_top5 + xgboost","GSE73661","SLC2A3;ADH6;ADH1C;PDE6A;TRPM6","SLC2A3;ADH6;ADH1C;PDE6A;TRPM6"
"univ_top10 + xgboost","GSE73661","SLC2A3;ADH6;ADH1C;PDE6A;TRPM6;PPARG;SOCS3;CHST2;MAOA;PCK1","SLC2A3;ADH6;ADH1C;PDE6A;TRPM6;PPARG;SOCS3;CHST2;MAOA;PCK1"
"rf_top5 + xgboost","GSE73661","PDE6A;PPARG;LCN2;ADH1C;ADH6","PDE6A;PPARG;LCN2;ADH1C;ADH6"
"rf_top10 + xgboost","GSE73661","PDE6A;LCN2;PPARG;ADH6;ADH1C;KDELR3;SERPINA1;SERPING1;RHOU;SLC2A3","PDE6A;LCN2;PPARG;ADH6;ADH1C;KDELR3;SERPINA1;SERPING1;RHOU;SLC2A3"
"all + glmnet_0","GSE75214","DDC;TSPAN7;LCN2;RHOU;SOCS3;ANXA1;SERPINA1;CHST2;FGR;PDE6A;TRPM6;CATSPERB;MOGAT2;SERPING1;KDELR3;ME1;VLDLR;PCK1;MAOA;ADH1C;ADH6;PFKFB3;SLC2A3;PPARG","DDC;TSPAN7;LCN2;RHOU;SOCS3;ANXA1;SERPINA1;CHST2;FGR;PDE6A;TRPM6;CATSPERB;MOGAT2;SERPING1;KDELR3;ME1;VLDLR;PCK1;MAOA;ADH1C;ADH6;PFKFB3;SLC2A3;PPARG"
"lasso + glmnet_0","GSE75214","LCN2;TRPM6;SERPING1;KDELR3;VLDLR;PPARG","LCN2;TRPM6;SERPING1;KDELR3;VLDLR;PPARG"
"enet_025 + glmnet_0","GSE75214","LCN2;RHOU;CHST2;PDE6A;TRPM6;VLDLR;PCK1;ADH6;PPARG","LCN2;RHOU;CHST2;PDE6A;TRPM6;VLDLR;PCK1;ADH6;PPARG"
"enet_050 + glmnet_0","GSE75214","DDC;LCN2;RHOU;SERPINA1;CHST2;PDE6A;TRPM6;SERPING1;KDELR3;VLDLR;PCK1;ADH6;PPARG","DDC;LCN2;RHOU;SERPINA1;CHST2;PDE6A;TRPM6;SERPING1;KDELR3;VLDLR;PCK1;ADH6;PPARG"
"enet_075 + glmnet_0","GSE75214","LCN2;RHOU;CHST2;PDE6A;TRPM6;SERPING1;KDELR3;VLDLR;ADH6;PPARG","LCN2;RHOU;CHST2;PDE6A;TRPM6;SERPING1;KDELR3;VLDLR;ADH6;PPARG"
"univ_top5 + glmnet_0","GSE75214","SLC2A3;ADH1C;ADH6;TRPM6;PDE6A","SLC2A3;ADH1C;ADH6;TRPM6;PDE6A"
"univ_top10 + glmnet_0","GSE75214","SLC2A3;ADH1C;ADH6;TRPM6;PDE6A;PPARG;PCK1;SOCS3;CHST2;MAOA","SLC2A3;ADH1C;ADH6;TRPM6;PDE6A;PPARG;PCK1;SOCS3;CHST2;MAOA"
"rf_top5 + glmnet_0","GSE75214","LCN2;ADH1C;PDE6A;RHOU;PPARG","LCN2;ADH1C;PDE6A;RHOU;PPARG"
"rf_top10 + glmnet_0","GSE75214","LCN2;ADH1C;PPARG;PDE6A;RHOU;SLC2A3;ADH6;VLDLR;TRPM6;PCK1","LCN2;ADH1C;PPARG;PDE6A;RHOU;SLC2A3;ADH6;VLDLR;TRPM6;PCK1"
"all + glmnet_0.25","GSE75214","DDC;TSPAN7;LCN2;RHOU;SOCS3;ANXA1;SERPINA1;CHST2;FGR;PDE6A;TRPM6;CATSPERB;MOGAT2;SERPING1;KDELR3;ME1;VLDLR;PCK1;MAOA;ADH1C;ADH6;PFKFB3;SLC2A3;PPARG","DDC;TSPAN7;LCN2;RHOU;SOCS3;ANXA1;SERPINA1;CHST2;FGR;PDE6A;TRPM6;CATSPERB;MOGAT2;SERPING1;KDELR3;ME1;PCK1;ADH1C;ADH6;PFKFB3;SLC2A3"
"lasso + glmnet_0.25","GSE75214","LCN2;TRPM6;SERPING1;KDELR3;VLDLR;PPARG","LCN2;TRPM6;SERPING1;KDELR3;VLDLR;PPARG"
"enet_025 + glmnet_0.25","GSE75214","LCN2;RHOU;CHST2;PDE6A;TRPM6;VLDLR;PCK1;ADH6;PPARG","LCN2;RHOU;CHST2;PDE6A;TRPM6;VLDLR;PCK1;ADH6;PPARG"
"enet_050 + glmnet_0.25","GSE75214","DDC;LCN2;RHOU;SERPINA1;CHST2;PDE6A;TRPM6;SERPING1;KDELR3;VLDLR;PCK1;ADH6;PPARG","DDC;LCN2;RHOU;SERPINA1;CHST2;PDE6A;TRPM6;SERPING1;KDELR3;VLDLR;PCK1;ADH6;PPARG"
"enet_075 + glmnet_0.25","GSE75214","LCN2;RHOU;CHST2;PDE6A;TRPM6;SERPING1;KDELR3;VLDLR;ADH6;PPARG","LCN2;RHOU;CHST2;PDE6A;TRPM6;SERPING1;KDELR3;VLDLR;ADH6;PPARG"
"univ_top5 + glmnet_0.25","GSE75214","SLC2A3;ADH1C;ADH6;TRPM6;PDE6A","SLC2A3;ADH1C;ADH6;TRPM6;PDE6A"
"univ_top10 + glmnet_0.25","GSE75214","SLC2A3;ADH1C;ADH6;TRPM6;PDE6A;PPARG;PCK1;SOCS3;CHST2;MAOA","SLC2A3;ADH1C;ADH6;TRPM6;PDE6A;PPARG;PCK1;SOCS3;CHST2;MAOA"
"rf_top5 + glmnet_0.25","GSE75214","LCN2;ADH1C;PDE6A;RHOU;PPARG","LCN2;ADH1C;PDE6A;RHOU;PPARG"
"rf_top10 + glmnet_0.25","GSE75214","LCN2;ADH1C;PPARG;PDE6A;RHOU;SLC2A3;ADH6;VLDLR;TRPM6;PCK1","LCN2;ADH1C;PPARG;PDE6A;RHOU;SLC2A3;ADH6;VLDLR;TRPM6;PCK1"
"all + glmnet_0.5","GSE75214","DDC;TSPAN7;LCN2;RHOU;SOCS3;ANXA1;SERPINA1;CHST2;FGR;PDE6A;TRPM6;CATSPERB;MOGAT2;SERPING1;KDELR3;ME1;VLDLR;PCK1;MAOA;ADH1C;ADH6;PFKFB3;SLC2A3;PPARG","LCN2;RHOU;SERPINA1;CHST2;PDE6A;TRPM6;CATSPERB;MOGAT2;SERPING1;KDELR3;ME1;PCK1;ADH1C;ADH6;PFKFB3;SLC2A3"
"lasso + glmnet_0.5","GSE75214","LCN2;TRPM6;SERPING1;KDELR3;VLDLR;PPARG","LCN2;TRPM6;SERPING1;KDELR3;VLDLR;PPARG"
"enet_025 + glmnet_0.5","GSE75214","LCN2;RHOU;CHST2;PDE6A;TRPM6;VLDLR;PCK1;ADH6;PPARG","LCN2;RHOU;CHST2;PDE6A;TRPM6;VLDLR;PCK1;ADH6;PPARG"
"enet_050 + glmnet_0.5","GSE75214","DDC;LCN2;RHOU;SERPINA1;CHST2;PDE6A;TRPM6;SERPING1;KDELR3;VLDLR;PCK1;ADH6;PPARG","LCN2;RHOU;SERPINA1;CHST2;PDE6A;TRPM6;SERPING1;KDELR3;VLDLR;PCK1;ADH6;PPARG"
"enet_075 + glmnet_0.5","GSE75214","LCN2;RHOU;CHST2;PDE6A;TRPM6;SERPING1;KDELR3;VLDLR;ADH6;PPARG","LCN2;RHOU;CHST2;PDE6A;TRPM6;SERPING1;KDELR3;VLDLR;ADH6;PPARG"
"univ_top5 + glmnet_0.5","GSE75214","SLC2A3;ADH1C;ADH6;TRPM6;PDE6A","SLC2A3;ADH1C;ADH6;TRPM6;PDE6A"
"univ_top10 + glmnet_0.5","GSE75214","SLC2A3;ADH1C;ADH6;TRPM6;PDE6A;PPARG;PCK1;SOCS3;CHST2;MAOA","SLC2A3;ADH6;TRPM6;PDE6A;PPARG;PCK1;SOCS3;CHST2"
"rf_top5 + glmnet_0.5","GSE75214","LCN2;ADH1C;PDE6A;RHOU;PPARG","LCN2;ADH1C;PDE6A;RHOU;PPARG"
"rf_top10 + glmnet_0.5","GSE75214","LCN2;ADH1C;PPARG;PDE6A;RHOU;SLC2A3;ADH6;VLDLR;TRPM6;PCK1","LCN2;PPARG;PDE6A;ADH6;VLDLR;TRPM6;PCK1"
"all + glmnet_0.75","GSE75214","DDC;TSPAN7;LCN2;RHOU;SOCS3;ANXA1;SERPINA1;CHST2;FGR;PDE6A;TRPM6;CATSPERB;MOGAT2;SERPING1;KDELR3;ME1;VLDLR;PCK1;MAOA;ADH1C;ADH6;PFKFB3;SLC2A3;PPARG","LCN2;RHOU;SERPINA1;PDE6A;TRPM6;SERPING1;KDELR3;VLDLR;ADH6;PPARG"
"lasso + glmnet_0.75","GSE75214","LCN2;TRPM6;SERPING1;KDELR3;VLDLR;PPARG","LCN2;TRPM6;SERPING1;KDELR3;VLDLR;PPARG"
"enet_025 + glmnet_0.75","GSE75214","LCN2;RHOU;CHST2;PDE6A;TRPM6;VLDLR;PCK1;ADH6;PPARG","LCN2;RHOU;CHST2;PDE6A;TRPM6;VLDLR;ADH6;PPARG"
"enet_050 + glmnet_0.75","GSE75214","DDC;LCN2;RHOU;SERPINA1;CHST2;PDE6A;TRPM6;SERPING1;KDELR3;VLDLR;PCK1;ADH6;PPARG","LCN2;RHOU;SERPINA1;CHST2;PDE6A;TRPM6;SERPING1;KDELR3;VLDLR;PCK1;ADH6;PPARG"
"enet_075 + glmnet_0.75","GSE75214","LCN2;RHOU;CHST2;PDE6A;TRPM6;SERPING1;KDELR3;VLDLR;ADH6;PPARG","LCN2;RHOU;CHST2;PDE6A;TRPM6;SERPING1;KDELR3;VLDLR;ADH6;PPARG"
"univ_top5 + glmnet_0.75","GSE75214","SLC2A3;ADH1C;ADH6;TRPM6;PDE6A","SLC2A3;ADH1C;ADH6;TRPM6;PDE6A"
"univ_top10 + glmnet_0.75","GSE75214","SLC2A3;ADH1C;ADH6;TRPM6;PDE6A;PPARG;PCK1;SOCS3;CHST2;MAOA","SLC2A3;ADH1C;ADH6;TRPM6;PDE6A;PPARG;PCK1;CHST2"
"rf_top5 + glmnet_0.75","GSE75214","LCN2;ADH1C;PDE6A;RHOU;PPARG","LCN2;ADH1C;PDE6A;RHOU;PPARG"
"rf_top10 + glmnet_0.75","GSE75214","LCN2;ADH1C;PPARG;PDE6A;RHOU;SLC2A3;ADH6;VLDLR;TRPM6;PCK1","LCN2;ADH1C;PPARG;PDE6A;RHOU;SLC2A3;ADH6;VLDLR;TRPM6"
"all + glmnet_1","GSE75214","DDC;TSPAN7;LCN2;RHOU;SOCS3;ANXA1;SERPINA1;CHST2;FGR;PDE6A;TRPM6;CATSPERB;MOGAT2;SERPING1;KDELR3;ME1;VLDLR;PCK1;MAOA;ADH1C;ADH6;PFKFB3;SLC2A3;PPARG","LCN2;SERPINA1;TRPM6;SERPING1;KDELR3;VLDLR;PPARG"
"lasso + glmnet_1","GSE75214","LCN2;TRPM6;SERPING1;KDELR3;VLDLR;PPARG","LCN2;TRPM6;SERPING1;KDELR3;VLDLR;PPARG"
"enet_025 + glmnet_1","GSE75214","LCN2;RHOU;CHST2;PDE6A;TRPM6;VLDLR;PCK1;ADH6;PPARG","LCN2;RHOU;CHST2;PDE6A;TRPM6;VLDLR;ADH6;PPARG"
"enet_050 + glmnet_1","GSE75214","DDC;LCN2;RHOU;SERPINA1;CHST2;PDE6A;TRPM6;SERPING1;KDELR3;VLDLR;PCK1;ADH6;PPARG","LCN2;RHOU;SERPINA1;CHST2;PDE6A;TRPM6;SERPING1;KDELR3;PCK1;ADH6;PPARG"
"enet_075 + glmnet_1","GSE75214","LCN2;RHOU;CHST2;PDE6A;TRPM6;SERPING1;KDELR3;VLDLR;ADH6;PPARG","LCN2;CHST2;PDE6A;TRPM6;SERPING1;KDELR3;VLDLR;ADH6;PPARG"
"univ_top5 + glmnet_1","GSE75214","SLC2A3;ADH1C;ADH6;TRPM6;PDE6A","SLC2A3;ADH1C;ADH6;TRPM6;PDE6A"
"univ_top10 + glmnet_1","GSE75214","SLC2A3;ADH1C;ADH6;TRPM6;PDE6A;PPARG;PCK1;SOCS3;CHST2;MAOA","SLC2A3;ADH1C;ADH6;TRPM6;PDE6A;PPARG;PCK1;SOCS3;CHST2;MAOA"
"rf_top5 + glmnet_1","GSE75214","LCN2;ADH1C;PDE6A;RHOU;PPARG","LCN2;PDE6A;PPARG"
"rf_top10 + glmnet_1","GSE75214","LCN2;ADH1C;PPARG;PDE6A;RHOU;SLC2A3;ADH6;VLDLR;TRPM6;PCK1","LCN2;PPARG;PDE6A;VLDLR"
"all + svm_linear","GSE75214","DDC;TSPAN7;LCN2;RHOU;SOCS3;ANXA1;SERPINA1;CHST2;FGR;PDE6A;TRPM6;CATSPERB;MOGAT2;SERPING1;KDELR3;ME1;VLDLR;PCK1;MAOA;ADH1C;ADH6;PFKFB3;SLC2A3;PPARG","DDC;TSPAN7;LCN2;RHOU;SOCS3;ANXA1;SERPINA1;CHST2;FGR;PDE6A;TRPM6;CATSPERB;MOGAT2;SERPING1;KDELR3;ME1;VLDLR;PCK1;MAOA;ADH1C;ADH6;PFKFB3;SLC2A3;PPARG"
"lasso + svm_linear","GSE75214","LCN2;TRPM6;SERPING1;KDELR3;VLDLR;PPARG","LCN2;TRPM6;SERPING1;KDELR3;VLDLR;PPARG"
"enet_025 + svm_linear","GSE75214","LCN2;RHOU;CHST2;PDE6A;TRPM6;VLDLR;PCK1;ADH6;PPARG","LCN2;RHOU;CHST2;PDE6A;TRPM6;VLDLR;PCK1;ADH6;PPARG"
"enet_050 + svm_linear","GSE75214","DDC;LCN2;RHOU;SERPINA1;CHST2;PDE6A;TRPM6;SERPING1;KDELR3;VLDLR;PCK1;ADH6;PPARG","DDC;LCN2;RHOU;SERPINA1;CHST2;PDE6A;TRPM6;SERPING1;KDELR3;VLDLR;PCK1;ADH6;PPARG"
"enet_075 + svm_linear","GSE75214","LCN2;RHOU;CHST2;PDE6A;TRPM6;SERPING1;KDELR3;VLDLR;ADH6;PPARG","LCN2;RHOU;CHST2;PDE6A;TRPM6;SERPING1;KDELR3;VLDLR;ADH6;PPARG"
"univ_top5 + svm_linear","GSE75214","SLC2A3;ADH1C;ADH6;TRPM6;PDE6A","SLC2A3;ADH1C;ADH6;TRPM6;PDE6A"
"univ_top10 + svm_linear","GSE75214","SLC2A3;ADH1C;ADH6;TRPM6;PDE6A;PPARG;PCK1;SOCS3;CHST2;MAOA","SLC2A3;ADH1C;ADH6;TRPM6;PDE6A;PPARG;PCK1;SOCS3;CHST2;MAOA"
"rf_top5 + svm_linear","GSE75214","LCN2;ADH1C;PDE6A;RHOU;PPARG","LCN2;ADH1C;PDE6A;RHOU;PPARG"
"rf_top10 + svm_linear","GSE75214","LCN2;ADH1C;PPARG;PDE6A;RHOU;SLC2A3;ADH6;VLDLR;TRPM6;PCK1","LCN2;ADH1C;PPARG;PDE6A;RHOU;SLC2A3;ADH6;VLDLR;TRPM6;PCK1"
"all + svm_radial","GSE75214","DDC;TSPAN7;LCN2;RHOU;SOCS3;ANXA1;SERPINA1;CHST2;FGR;PDE6A;TRPM6;CATSPERB;MOGAT2;SERPING1;KDELR3;ME1;VLDLR;PCK1;MAOA;ADH1C;ADH6;PFKFB3;SLC2A3;PPARG","DDC;TSPAN7;LCN2;RHOU;SOCS3;ANXA1;SERPINA1;CHST2;FGR;PDE6A;TRPM6;CATSPERB;MOGAT2;SERPING1;KDELR3;ME1;VLDLR;PCK1;MAOA;ADH1C;ADH6;PFKFB3;SLC2A3;PPARG"
"lasso + svm_radial","GSE75214","LCN2;TRPM6;SERPING1;KDELR3;VLDLR;PPARG","LCN2;TRPM6;SERPING1;KDELR3;VLDLR;PPARG"
"enet_025 + svm_radial","GSE75214","LCN2;RHOU;CHST2;PDE6A;TRPM6;VLDLR;PCK1;ADH6;PPARG","LCN2;RHOU;CHST2;PDE6A;TRPM6;VLDLR;PCK1;ADH6;PPARG"
"enet_050 + svm_radial","GSE75214","DDC;LCN2;RHOU;SERPINA1;CHST2;PDE6A;TRPM6;SERPING1;KDELR3;VLDLR;PCK1;ADH6;PPARG","DDC;LCN2;RHOU;SERPINA1;CHST2;PDE6A;TRPM6;SERPING1;KDELR3;VLDLR;PCK1;ADH6;PPARG"
"enet_075 + svm_radial","GSE75214","LCN2;RHOU;CHST2;PDE6A;TRPM6;SERPING1;KDELR3;VLDLR;ADH6;PPARG","LCN2;RHOU;CHST2;PDE6A;TRPM6;SERPING1;KDELR3;VLDLR;ADH6;PPARG"
"univ_top5 + svm_radial","GSE75214","SLC2A3;ADH1C;ADH6;TRPM6;PDE6A","SLC2A3;ADH1C;ADH6;TRPM6;PDE6A"
"univ_top10 + svm_radial","GSE75214","SLC2A3;ADH1C;ADH6;TRPM6;PDE6A;PPARG;PCK1;SOCS3;CHST2;MAOA","SLC2A3;ADH1C;ADH6;TRPM6;PDE6A;PPARG;PCK1;SOCS3;CHST2;MAOA"
"rf_top5 + svm_radial","GSE75214","LCN2;ADH1C;PDE6A;RHOU;PPARG","LCN2;ADH1C;PDE6A;RHOU;PPARG"
"rf_top10 + svm_radial","GSE75214","LCN2;ADH1C;PPARG;PDE6A;RHOU;SLC2A3;ADH6;VLDLR;TRPM6;PCK1","LCN2;ADH1C;PPARG;PDE6A;RHOU;SLC2A3;ADH6;VLDLR;TRPM6;PCK1"
"all + rf","GSE75214","DDC;TSPAN7;LCN2;RHOU;SOCS3;ANXA1;SERPINA1;CHST2;FGR;PDE6A;TRPM6;CATSPERB;MOGAT2;SERPING1;KDELR3;ME1;VLDLR;PCK1;MAOA;ADH1C;ADH6;PFKFB3;SLC2A3;PPARG","DDC;TSPAN7;LCN2;RHOU;SOCS3;ANXA1;SERPINA1;CHST2;FGR;PDE6A;TRPM6;CATSPERB;MOGAT2;SERPING1;KDELR3;ME1;VLDLR;PCK1;MAOA;ADH1C;ADH6;PFKFB3;SLC2A3;PPARG"
"lasso + rf","GSE75214","LCN2;TRPM6;SERPING1;KDELR3;VLDLR;PPARG","LCN2;TRPM6;SERPING1;KDELR3;VLDLR;PPARG"
"enet_025 + rf","GSE75214","LCN2;RHOU;CHST2;PDE6A;TRPM6;VLDLR;PCK1;ADH6;PPARG","LCN2;RHOU;CHST2;PDE6A;TRPM6;VLDLR;PCK1;ADH6;PPARG"
"enet_050 + rf","GSE75214","DDC;LCN2;RHOU;SERPINA1;CHST2;PDE6A;TRPM6;SERPING1;KDELR3;VLDLR;PCK1;ADH6;PPARG","DDC;LCN2;RHOU;SERPINA1;CHST2;PDE6A;TRPM6;SERPING1;KDELR3;VLDLR;PCK1;ADH6;PPARG"
"enet_075 + rf","GSE75214","LCN2;RHOU;CHST2;PDE6A;TRPM6;SERPING1;KDELR3;VLDLR;ADH6;PPARG","LCN2;RHOU;CHST2;PDE6A;TRPM6;SERPING1;KDELR3;VLDLR;ADH6;PPARG"
"univ_top5 + rf","GSE75214","SLC2A3;ADH1C;ADH6;TRPM6;PDE6A","SLC2A3;ADH1C;ADH6;TRPM6;PDE6A"
"univ_top10 + rf","GSE75214","SLC2A3;ADH1C;ADH6;TRPM6;PDE6A;PPARG;PCK1;SOCS3;CHST2;MAOA","SLC2A3;ADH1C;ADH6;TRPM6;PDE6A;PPARG;PCK1;SOCS3;CHST2;MAOA"
"rf_top5 + rf","GSE75214","LCN2;ADH1C;PDE6A;RHOU;PPARG","LCN2;ADH1C;PDE6A;RHOU;PPARG"
"rf_top10 + rf","GSE75214","LCN2;ADH1C;PPARG;PDE6A;RHOU;SLC2A3;ADH6;VLDLR;TRPM6;PCK1","LCN2;ADH1C;PPARG;PDE6A;RHOU;SLC2A3;ADH6;VLDLR;TRPM6;PCK1"
"all + gbm","GSE75214","DDC;TSPAN7;LCN2;RHOU;SOCS3;ANXA1;SERPINA1;CHST2;FGR;PDE6A;TRPM6;CATSPERB;MOGAT2;SERPING1;KDELR3;ME1;VLDLR;PCK1;MAOA;ADH1C;ADH6;PFKFB3;SLC2A3;PPARG","DDC;TSPAN7;LCN2;RHOU;SOCS3;ANXA1;SERPINA1;CHST2;FGR;PDE6A;TRPM6;CATSPERB;MOGAT2;SERPING1;KDELR3;ME1;VLDLR;PCK1;MAOA;ADH1C;ADH6;PFKFB3;SLC2A3;PPARG"
"lasso + gbm","GSE75214","LCN2;TRPM6;SERPING1;KDELR3;VLDLR;PPARG","LCN2;TRPM6;SERPING1;KDELR3;VLDLR;PPARG"
"enet_025 + gbm","GSE75214","LCN2;RHOU;CHST2;PDE6A;TRPM6;VLDLR;PCK1;ADH6;PPARG","LCN2;RHOU;CHST2;PDE6A;TRPM6;VLDLR;PCK1;ADH6;PPARG"
"enet_050 + gbm","GSE75214","DDC;LCN2;RHOU;SERPINA1;CHST2;PDE6A;TRPM6;SERPING1;KDELR3;VLDLR;PCK1;ADH6;PPARG","DDC;LCN2;RHOU;SERPINA1;CHST2;PDE6A;TRPM6;SERPING1;KDELR3;VLDLR;PCK1;ADH6;PPARG"
"enet_075 + gbm","GSE75214","LCN2;RHOU;CHST2;PDE6A;TRPM6;SERPING1;KDELR3;VLDLR;ADH6;PPARG","LCN2;RHOU;CHST2;PDE6A;TRPM6;SERPING1;KDELR3;VLDLR;ADH6;PPARG"
"univ_top5 + gbm","GSE75214","SLC2A3;ADH1C;ADH6;TRPM6;PDE6A","SLC2A3;ADH1C;ADH6;TRPM6;PDE6A"
"univ_top10 + gbm","GSE75214","SLC2A3;ADH1C;ADH6;TRPM6;PDE6A;PPARG;PCK1;SOCS3;CHST2;MAOA","SLC2A3;ADH1C;ADH6;TRPM6;PDE6A;PPARG;PCK1;SOCS3;CHST2;MAOA"
"rf_top5 + gbm","GSE75214","LCN2;ADH1C;PDE6A;RHOU;PPARG","LCN2;ADH1C;PDE6A;RHOU;PPARG"
"rf_top10 + gbm","GSE75214","LCN2;ADH1C;PPARG;PDE6A;RHOU;SLC2A3;ADH6;VLDLR;TRPM6;PCK1","LCN2;ADH1C;PPARG;PDE6A;RHOU;SLC2A3;ADH6;VLDLR;TRPM6;PCK1"
"all + lda","GSE75214","DDC;TSPAN7;LCN2;RHOU;SOCS3;ANXA1;SERPINA1;CHST2;FGR;PDE6A;TRPM6;CATSPERB;MOGAT2;SERPING1;KDELR3;ME1;VLDLR;PCK1;MAOA;ADH1C;ADH6;PFKFB3;SLC2A3;PPARG","DDC;TSPAN7;LCN2;RHOU;SOCS3;ANXA1;SERPINA1;CHST2;FGR;PDE6A;TRPM6;CATSPERB;MOGAT2;SERPING1;KDELR3;ME1;VLDLR;PCK1;MAOA;ADH1C;ADH6;PFKFB3;SLC2A3;PPARG"
"lasso + lda","GSE75214","LCN2;TRPM6;SERPING1;KDELR3;VLDLR;PPARG","LCN2;TRPM6;SERPING1;KDELR3;VLDLR;PPARG"
"enet_025 + lda","GSE75214","LCN2;RHOU;CHST2;PDE6A;TRPM6;VLDLR;PCK1;ADH6;PPARG","LCN2;RHOU;CHST2;PDE6A;TRPM6;VLDLR;PCK1;ADH6;PPARG"
"enet_050 + lda","GSE75214","DDC;LCN2;RHOU;SERPINA1;CHST2;PDE6A;TRPM6;SERPING1;KDELR3;VLDLR;PCK1;ADH6;PPARG","DDC;LCN2;RHOU;SERPINA1;CHST2;PDE6A;TRPM6;SERPING1;KDELR3;VLDLR;PCK1;ADH6;PPARG"
"enet_075 + lda","GSE75214","LCN2;RHOU;CHST2;PDE6A;TRPM6;SERPING1;KDELR3;VLDLR;ADH6;PPARG","LCN2;RHOU;CHST2;PDE6A;TRPM6;SERPING1;KDELR3;VLDLR;ADH6;PPARG"
"univ_top5 + lda","GSE75214","SLC2A3;ADH1C;ADH6;TRPM6;PDE6A","SLC2A3;ADH1C;ADH6;TRPM6;PDE6A"
"univ_top10 + lda","GSE75214","SLC2A3;ADH1C;ADH6;TRPM6;PDE6A;PPARG;PCK1;SOCS3;CHST2;MAOA","SLC2A3;ADH1C;ADH6;TRPM6;PDE6A;PPARG;PCK1;SOCS3;CHST2;MAOA"
"rf_top5 + lda","GSE75214","LCN2;ADH1C;PDE6A;RHOU;PPARG","LCN2;ADH1C;PDE6A;RHOU;PPARG"
"rf_top10 + lda","GSE75214","LCN2;ADH1C;PPARG;PDE6A;RHOU;SLC2A3;ADH6;VLDLR;TRPM6;PCK1","LCN2;ADH1C;PPARG;PDE6A;RHOU;SLC2A3;ADH6;VLDLR;TRPM6;PCK1"
"all + naive_bayes","GSE75214","DDC;TSPAN7;LCN2;RHOU;SOCS3;ANXA1;SERPINA1;CHST2;FGR;PDE6A;TRPM6;CATSPERB;MOGAT2;SERPING1;KDELR3;ME1;VLDLR;PCK1;MAOA;ADH1C;ADH6;PFKFB3;SLC2A3;PPARG","DDC;TSPAN7;LCN2;RHOU;SOCS3;ANXA1;SERPINA1;CHST2;FGR;PDE6A;TRPM6;CATSPERB;MOGAT2;SERPING1;KDELR3;ME1;VLDLR;PCK1;MAOA;ADH1C;ADH6;PFKFB3;SLC2A3;PPARG"
"lasso + naive_bayes","GSE75214","LCN2;TRPM6;SERPING1;KDELR3;VLDLR;PPARG","LCN2;TRPM6;SERPING1;KDELR3;VLDLR;PPARG"
"enet_025 + naive_bayes","GSE75214","LCN2;RHOU;CHST2;PDE6A;TRPM6;VLDLR;PCK1;ADH6;PPARG","LCN2;RHOU;CHST2;PDE6A;TRPM6;VLDLR;PCK1;ADH6;PPARG"
"enet_050 + naive_bayes","GSE75214","DDC;LCN2;RHOU;SERPINA1;CHST2;PDE6A;TRPM6;SERPING1;KDELR3;VLDLR;PCK1;ADH6;PPARG","DDC;LCN2;RHOU;SERPINA1;CHST2;PDE6A;TRPM6;SERPING1;KDELR3;VLDLR;PCK1;ADH6;PPARG"
"enet_075 + naive_bayes","GSE75214","LCN2;RHOU;CHST2;PDE6A;TRPM6;SERPING1;KDELR3;VLDLR;ADH6;PPARG","LCN2;RHOU;CHST2;PDE6A;TRPM6;SERPING1;KDELR3;VLDLR;ADH6;PPARG"
"univ_top5 + naive_bayes","GSE75214","SLC2A3;ADH1C;ADH6;TRPM6;PDE6A","SLC2A3;ADH1C;ADH6;TRPM6;PDE6A"
"univ_top10 + naive_bayes","GSE75214","SLC2A3;ADH1C;ADH6;TRPM6;PDE6A;PPARG;PCK1;SOCS3;CHST2;MAOA","SLC2A3;ADH1C;ADH6;TRPM6;PDE6A;PPARG;PCK1;SOCS3;CHST2;MAOA"
"rf_top5 + naive_bayes","GSE75214","LCN2;ADH1C;PDE6A;RHOU;PPARG","LCN2;ADH1C;PDE6A;RHOU;PPARG"
"rf_top10 + naive_bayes","GSE75214","LCN2;ADH1C;PPARG;PDE6A;RHOU;SLC2A3;ADH6;VLDLR;TRPM6;PCK1","LCN2;ADH1C;PPARG;PDE6A;RHOU;SLC2A3;ADH6;VLDLR;TRPM6;PCK1"
"all + glmboost","GSE75214","DDC;TSPAN7;LCN2;RHOU;SOCS3;ANXA1;SERPINA1;CHST2;FGR;PDE6A;TRPM6;CATSPERB;MOGAT2;SERPING1;KDELR3;ME1;VLDLR;PCK1;MAOA;ADH1C;ADH6;PFKFB3;SLC2A3;PPARG","(Intercept);LCN2;RHOU;CHST2;PDE6A;SERPING1;KDELR3;VLDLR;PPARG"
"lasso + glmboost","GSE75214","LCN2;TRPM6;SERPING1;KDELR3;VLDLR;PPARG","(Intercept);LCN2;TRPM6;SERPING1;KDELR3;VLDLR;PPARG"
"enet_025 + glmboost","GSE75214","LCN2;RHOU;CHST2;PDE6A;TRPM6;VLDLR;PCK1;ADH6;PPARG","(Intercept);LCN2;RHOU;CHST2;PDE6A;TRPM6;VLDLR;ADH6;PPARG"
"enet_050 + glmboost","GSE75214","DDC;LCN2;RHOU;SERPINA1;CHST2;PDE6A;TRPM6;SERPING1;KDELR3;VLDLR;PCK1;ADH6;PPARG","(Intercept);LCN2;RHOU;CHST2;PDE6A;SERPING1;KDELR3;VLDLR;PPARG"
"enet_075 + glmboost","GSE75214","LCN2;RHOU;CHST2;PDE6A;TRPM6;SERPING1;KDELR3;VLDLR;ADH6;PPARG","(Intercept);LCN2;RHOU;CHST2;PDE6A;SERPING1;KDELR3;VLDLR;PPARG"
"univ_top5 + glmboost","GSE75214","SLC2A3;ADH1C;ADH6;TRPM6;PDE6A","(Intercept);SLC2A3;ADH6;TRPM6;PDE6A"
"univ_top10 + glmboost","GSE75214","SLC2A3;ADH1C;ADH6;TRPM6;PDE6A;PPARG;PCK1;SOCS3;CHST2;MAOA","(Intercept);ADH6;TRPM6;PDE6A;PPARG;PCK1;CHST2"
"rf_top5 + glmboost","GSE75214","LCN2;ADH1C;PDE6A;RHOU;PPARG","(Intercept);LCN2;ADH1C;PDE6A;RHOU;PPARG"
"rf_top10 + glmboost","GSE75214","LCN2;ADH1C;PPARG;PDE6A;RHOU;SLC2A3;ADH6;VLDLR;TRPM6;PCK1","(Intercept);LCN2;PPARG;PDE6A;RHOU;ADH6;VLDLR;TRPM6"
"all + xgboost","GSE75214","DDC;TSPAN7;LCN2;RHOU;SOCS3;ANXA1;SERPINA1;CHST2;FGR;PDE6A;TRPM6;CATSPERB;MOGAT2;SERPING1;KDELR3;ME1;VLDLR;PCK1;MAOA;ADH1C;ADH6;PFKFB3;SLC2A3;PPARG","DDC;TSPAN7;LCN2;RHOU;SOCS3;ANXA1;SERPINA1;CHST2;FGR;PDE6A;TRPM6;CATSPERB;MOGAT2;SERPING1;KDELR3;ME1;VLDLR;PCK1;MAOA;ADH1C;ADH6;PFKFB3;SLC2A3;PPARG"
"lasso + xgboost","GSE75214","LCN2;TRPM6;SERPING1;KDELR3;VLDLR;PPARG","LCN2;TRPM6;SERPING1;KDELR3;VLDLR;PPARG"
"enet_025 + xgboost","GSE75214","LCN2;RHOU;CHST2;PDE6A;TRPM6;VLDLR;PCK1;ADH6;PPARG","LCN2;RHOU;CHST2;PDE6A;TRPM6;VLDLR;PCK1;ADH6;PPARG"
"enet_050 + xgboost","GSE75214","DDC;LCN2;RHOU;SERPINA1;CHST2;PDE6A;TRPM6;SERPING1;KDELR3;VLDLR;PCK1;ADH6;PPARG","DDC;LCN2;RHOU;SERPINA1;CHST2;PDE6A;TRPM6;SERPING1;KDELR3;VLDLR;PCK1;ADH6;PPARG"
"enet_075 + xgboost","GSE75214","LCN2;RHOU;CHST2;PDE6A;TRPM6;SERPING1;KDELR3;VLDLR;ADH6;PPARG","LCN2;RHOU;CHST2;PDE6A;TRPM6;SERPING1;KDELR3;VLDLR;ADH6;PPARG"
"univ_top5 + xgboost","GSE75214","SLC2A3;ADH1C;ADH6;TRPM6;PDE6A","SLC2A3;ADH1C;ADH6;TRPM6;PDE6A"
"univ_top10 + xgboost","GSE75214","SLC2A3;ADH1C;ADH6;TRPM6;PDE6A;PPARG;PCK1;SOCS3;CHST2;MAOA","SLC2A3;ADH1C;ADH6;TRPM6;PDE6A;PPARG;PCK1;SOCS3;CHST2;MAOA"
"rf_top5 + xgboost","GSE75214","LCN2;ADH1C;PDE6A;RHOU;PPARG","LCN2;ADH1C;PDE6A;RHOU;PPARG"
"rf_top10 + xgboost","GSE75214","LCN2;ADH1C;PPARG;PDE6A;RHOU;SLC2A3;ADH6;VLDLR;TRPM6;PCK1","LCN2;ADH1C;PPARG;PDE6A;RHOU;SLC2A3;ADH6;VLDLR;TRPM6;PCK1"
"all + glmnet_0","GSE87466","DDC;TSPAN7;LCN2;RHOU;SOCS3;ANXA1;SERPINA1;CHST2;FGR;PDE6A;TRPM6;CATSPERB;MOGAT2;SERPING1;KDELR3;ME1;VLDLR;PCK1;MAOA;ADH1C;ADH6;PFKFB3;SLC2A3;PPARG","DDC;TSPAN7;LCN2;RHOU;SOCS3;ANXA1;SERPINA1;CHST2;FGR;PDE6A;TRPM6;CATSPERB;MOGAT2;SERPING1;KDELR3;ME1;VLDLR;PCK1;MAOA;ADH1C;ADH6;PFKFB3;SLC2A3;PPARG"
"lasso + glmnet_0","GSE87466","TSPAN7;LCN2;RHOU;SOCS3;SERPINA1;TRPM6;SERPING1;KDELR3;VLDLR;ADH6;SLC2A3;PPARG","TSPAN7;LCN2;RHOU;SOCS3;SERPINA1;TRPM6;SERPING1;KDELR3;VLDLR;ADH6;SLC2A3;PPARG"
"enet_025 + glmnet_0","GSE87466","TSPAN7;LCN2;RHOU;SOCS3;SERPINA1;CHST2;FGR;PDE6A;TRPM6;CATSPERB;SERPING1;KDELR3;ME1;VLDLR;PCK1;ADH6;PFKFB3;SLC2A3;PPARG","TSPAN7;LCN2;RHOU;SOCS3;SERPINA1;CHST2;FGR;PDE6A;TRPM6;CATSPERB;SERPING1;KDELR3;ME1;VLDLR;PCK1;ADH6;PFKFB3;SLC2A3;PPARG"
"enet_050 + glmnet_0","GSE87466","TSPAN7;LCN2;RHOU;SOCS3;SERPINA1;PDE6A;TRPM6;SERPING1;KDELR3;ME1;VLDLR;PCK1;ADH6;PFKFB3;SLC2A3;PPARG","TSPAN7;LCN2;RHOU;SOCS3;SERPINA1;PDE6A;TRPM6;SERPING1;KDELR3;ME1;VLDLR;PCK1;ADH6;PFKFB3;SLC2A3;PPARG"
"enet_075 + glmnet_0","GSE87466","LCN2;SERPINA1;PDE6A;KDELR3;VLDLR;PPARG","LCN2;SERPINA1;PDE6A;KDELR3;VLDLR;PPARG"
"univ_top5 + glmnet_0","GSE87466","MAOA;ADH6;PPARG;SLC2A3;ADH1C","MAOA;ADH6;PPARG;SLC2A3;ADH1C"
"univ_top10 + glmnet_0","GSE87466","MAOA;ADH6;PPARG;SLC2A3;ADH1C;SOCS3;TRPM6;PDE6A;PFKFB3;SERPINA1","MAOA;ADH6;PPARG;SLC2A3;ADH1C;SOCS3;TRPM6;PDE6A;PFKFB3;SERPINA1"
"rf_top5 + glmnet_0","GSE87466","PDE6A;PPARG;LCN2;VLDLR;ADH6","PDE6A;PPARG;LCN2;VLDLR;ADH6"
"rf_top10 + glmnet_0","GSE87466","PDE6A;PPARG;LCN2;ADH6;VLDLR;SERPINA1;SERPING1;TRPM6;MAOA;KDELR3","PDE6A;PPARG;LCN2;ADH6;VLDLR;SERPINA1;SERPING1;TRPM6;MAOA;KDELR3"
"all + glmnet_0.25","GSE87466","DDC;TSPAN7;LCN2;RHOU;SOCS3;ANXA1;SERPINA1;CHST2;FGR;PDE6A;TRPM6;CATSPERB;MOGAT2;SERPING1;KDELR3;ME1;VLDLR;PCK1;MAOA;ADH1C;ADH6;PFKFB3;SLC2A3;PPARG","DDC;TSPAN7;LCN2;RHOU;SOCS3;ANXA1;SERPINA1;CHST2;PDE6A;TRPM6;CATSPERB;MOGAT2;SERPING1;KDELR3;ME1;VLDLR;PCK1;MAOA;ADH6;PFKFB3;SLC2A3"
"lasso + glmnet_0.25","GSE87466","TSPAN7;LCN2;RHOU;SOCS3;SERPINA1;TRPM6;SERPING1;KDELR3;VLDLR;ADH6;SLC2A3;PPARG","TSPAN7;LCN2;RHOU;SOCS3;SERPINA1;TRPM6;SERPING1;KDELR3;VLDLR;ADH6;SLC2A3;PPARG"
"enet_025 + glmnet_0.25","GSE87466","TSPAN7;LCN2;RHOU;SOCS3;SERPINA1;CHST2;FGR;PDE6A;TRPM6;CATSPERB;SERPING1;KDELR3;ME1;VLDLR;PCK1;ADH6;PFKFB3;SLC2A3;PPARG","TSPAN7;LCN2;RHOU;SOCS3;SERPINA1;FGR;PDE6A;TRPM6;CATSPERB;SERPING1;KDELR3;ME1;VLDLR;PCK1;ADH6;PFKFB3;SLC2A3;PPARG"
"enet_050 + glmnet_0.25","GSE87466","TSPAN7;LCN2;RHOU;SOCS3;SERPINA1;PDE6A;TRPM6;SERPING1;KDELR3;ME1;VLDLR;PCK1;ADH6;PFKFB3;SLC2A3;PPARG","TSPAN7;LCN2;RHOU;SOCS3;SERPINA1;TRPM6;SERPING1;KDELR3;ME1;VLDLR;PCK1;ADH6;PFKFB3;SLC2A3;PPARG"
"enet_075 + glmnet_0.25","GSE87466","LCN2;SERPINA1;PDE6A;KDELR3;VLDLR;PPARG","LCN2;SERPINA1;PDE6A;KDELR3;VLDLR;PPARG"
"univ_top5 + glmnet_0.25","GSE87466","MAOA;ADH6;PPARG;SLC2A3;ADH1C","MAOA;ADH6;PPARG;SLC2A3;ADH1C"
"univ_top10 + glmnet_0.25","GSE87466","MAOA;ADH6;PPARG;SLC2A3;ADH1C;SOCS3;TRPM6;PDE6A;PFKFB3;SERPINA1","MAOA;ADH6;PPARG;SLC2A3;SOCS3;TRPM6;PDE6A;SERPINA1"
"rf_top5 + glmnet_0.25","GSE87466","PDE6A;PPARG;LCN2;VLDLR;ADH6","PDE6A;PPARG;LCN2;VLDLR;ADH6"
"rf_top10 + glmnet_0.25","GSE87466","PDE6A;PPARG;LCN2;ADH6;VLDLR;SERPINA1;SERPING1;TRPM6;MAOA;KDELR3","PDE6A;PPARG;LCN2;ADH6;VLDLR;SERPINA1;SERPING1;TRPM6;KDELR3"
"all + glmnet_0.5","GSE87466","DDC;TSPAN7;LCN2;RHOU;SOCS3;ANXA1;SERPINA1;CHST2;FGR;PDE6A;TRPM6;CATSPERB;MOGAT2;SERPING1;KDELR3;ME1;VLDLR;PCK1;MAOA;ADH1C;ADH6;PFKFB3;SLC2A3;PPARG","DDC;TSPAN7;LCN2;RHOU;SOCS3;ANXA1;SERPINA1;CHST2;FGR;TRPM6;CATSPERB;MOGAT2;SERPING1;KDELR3;ME1;VLDLR;PCK1;MAOA;ADH6;PFKFB3;SLC2A3;PPARG"
"lasso + glmnet_0.5","GSE87466","TSPAN7;LCN2;RHOU;SOCS3;SERPINA1;TRPM6;SERPING1;KDELR3;VLDLR;ADH6;SLC2A3;PPARG","TSPAN7;LCN2;RHOU;SOCS3;SERPINA1;TRPM6;SERPING1;KDELR3;VLDLR;ADH6;SLC2A3;PPARG"
"enet_025 + glmnet_0.5","GSE87466","TSPAN7;LCN2;RHOU;SOCS3;SERPINA1;CHST2;FGR;PDE6A;TRPM6;CATSPERB;SERPING1;KDELR3;ME1;VLDLR;PCK1;ADH6;PFKFB3;SLC2A3;PPARG","TSPAN7;LCN2;RHOU;SOCS3;SERPINA1;CHST2;TRPM6;CATSPERB;SERPING1;KDELR3;ME1;VLDLR;PCK1;ADH6;PFKFB3;SLC2A3;PPARG"
"enet_050 + glmnet_0.5","GSE87466","TSPAN7;LCN2;RHOU;SOCS3;SERPINA1;PDE6A;TRPM6;SERPING1;KDELR3;ME1;VLDLR;PCK1;ADH6;PFKFB3;SLC2A3;PPARG","TSPAN7;LCN2;RHOU;SOCS3;SERPINA1;PDE6A;TRPM6;SERPING1;KDELR3;ME1;VLDLR;PCK1;ADH6;PFKFB3;SLC2A3;PPARG"
"enet_075 + glmnet_0.5","GSE87466","LCN2;SERPINA1;PDE6A;KDELR3;VLDLR;PPARG","LCN2;SERPINA1;PDE6A;KDELR3;VLDLR;PPARG"
"univ_top5 + glmnet_0.5","GSE87466","MAOA;ADH6;PPARG;SLC2A3;ADH1C","MAOA;ADH6;PPARG;SLC2A3;ADH1C"
"univ_top10 + glmnet_0.5","GSE87466","MAOA;ADH6;PPARG;SLC2A3;ADH1C;SOCS3;TRPM6;PDE6A;PFKFB3;SERPINA1","MAOA;ADH6;PPARG;SLC2A3;SOCS3;TRPM6;PDE6A;SERPINA1"
"rf_top5 + glmnet_0.5","GSE87466","PDE6A;PPARG;LCN2;VLDLR;ADH6","PDE6A;PPARG;LCN2;VLDLR;ADH6"
"rf_top10 + glmnet_0.5","GSE87466","PDE6A;PPARG;LCN2;ADH6;VLDLR;SERPINA1;SERPING1;TRPM6;MAOA;KDELR3","PDE6A;PPARG;LCN2;ADH6;VLDLR;SERPINA1;SERPING1;TRPM6;KDELR3"
"all + glmnet_0.75","GSE87466","DDC;TSPAN7;LCN2;RHOU;SOCS3;ANXA1;SERPINA1;CHST2;FGR;PDE6A;TRPM6;CATSPERB;MOGAT2;SERPING1;KDELR3;ME1;VLDLR;PCK1;MAOA;ADH1C;ADH6;PFKFB3;SLC2A3;PPARG","TSPAN7;LCN2;RHOU;SOCS3;ANXA1;SERPINA1;CHST2;TRPM6;CATSPERB;MOGAT2;SERPING1;KDELR3;ME1;VLDLR;PCK1;MAOA;ADH6;PFKFB3;SLC2A3;PPARG"
"lasso + glmnet_0.75","GSE87466","TSPAN7;LCN2;RHOU;SOCS3;SERPINA1;TRPM6;SERPING1;KDELR3;VLDLR;ADH6;SLC2A3;PPARG","TSPAN7;LCN2;RHOU;SOCS3;SERPINA1;TRPM6;SERPING1;KDELR3;VLDLR;ADH6;SLC2A3;PPARG"
"enet_025 + glmnet_0.75","GSE87466","TSPAN7;LCN2;RHOU;SOCS3;SERPINA1;CHST2;FGR;PDE6A;TRPM6;CATSPERB;SERPING1;KDELR3;ME1;VLDLR;PCK1;ADH6;PFKFB3;SLC2A3;PPARG","TSPAN7;LCN2;RHOU;SOCS3;SERPINA1;CHST2;PDE6A;TRPM6;CATSPERB;SERPING1;KDELR3;ME1;VLDLR;PCK1;ADH6;PFKFB3;SLC2A3;PPARG"
"enet_050 + glmnet_0.75","GSE87466","TSPAN7;LCN2;RHOU;SOCS3;SERPINA1;PDE6A;TRPM6;SERPING1;KDELR3;ME1;VLDLR;PCK1;ADH6;PFKFB3;SLC2A3;PPARG","TSPAN7;LCN2;RHOU;SOCS3;SERPINA1;PDE6A;TRPM6;SERPING1;KDELR3;ME1;VLDLR;PCK1;ADH6;PFKFB3;SLC2A3;PPARG"
"enet_075 + glmnet_0.75","GSE87466","LCN2;SERPINA1;PDE6A;KDELR3;VLDLR;PPARG","LCN2;SERPINA1;PDE6A;KDELR3;VLDLR;PPARG"
"univ_top5 + glmnet_0.75","GSE87466","MAOA;ADH6;PPARG;SLC2A3;ADH1C","MAOA;ADH6;PPARG;SLC2A3;ADH1C"
"univ_top10 + glmnet_0.75","GSE87466","MAOA;ADH6;PPARG;SLC2A3;ADH1C;SOCS3;TRPM6;PDE6A;PFKFB3;SERPINA1","MAOA;ADH6;PPARG;SLC2A3;SOCS3;TRPM6;PDE6A;SERPINA1"
"rf_top5 + glmnet_0.75","GSE87466","PDE6A;PPARG;LCN2;VLDLR;ADH6","PDE6A;PPARG;LCN2;VLDLR"
"rf_top10 + glmnet_0.75","GSE87466","PDE6A;PPARG;LCN2;ADH6;VLDLR;SERPINA1;SERPING1;TRPM6;MAOA;KDELR3","PDE6A;PPARG;LCN2;ADH6;VLDLR;SERPINA1;SERPING1;TRPM6;KDELR3"
"all + glmnet_1","GSE87466","DDC;TSPAN7;LCN2;RHOU;SOCS3;ANXA1;SERPINA1;CHST2;FGR;PDE6A;TRPM6;CATSPERB;MOGAT2;SERPING1;KDELR3;ME1;VLDLR;PCK1;MAOA;ADH1C;ADH6;PFKFB3;SLC2A3;PPARG","TSPAN7;LCN2;RHOU;SOCS3;ANXA1;SERPINA1;CHST2;TRPM6;CATSPERB;MOGAT2;SERPING1;KDELR3;ME1;VLDLR;PCK1;MAOA;ADH6;PFKFB3;SLC2A3;PPARG"
"lasso + glmnet_1","GSE87466","TSPAN7;LCN2;RHOU;SOCS3;SERPINA1;TRPM6;SERPING1;KDELR3;VLDLR;ADH6;SLC2A3;PPARG","TSPAN7;LCN2;RHOU;SOCS3;SERPINA1;TRPM6;SERPING1;KDELR3;VLDLR;ADH6;SLC2A3;PPARG"
"enet_025 + glmnet_1","GSE87466","TSPAN7;LCN2;RHOU;SOCS3;SERPINA1;CHST2;FGR;PDE6A;TRPM6;CATSPERB;SERPING1;KDELR3;ME1;VLDLR;PCK1;ADH6;PFKFB3;SLC2A3;PPARG","TSPAN7;LCN2;RHOU;SERPINA1;CHST2;TRPM6;CATSPERB;SERPING1;KDELR3;ME1;VLDLR;PCK1;ADH6;SLC2A3;PPARG"
"enet_050 + glmnet_1","GSE87466","TSPAN7;LCN2;RHOU;SOCS3;SERPINA1;PDE6A;TRPM6;SERPING1;KDELR3;ME1;VLDLR;PCK1;ADH6;PFKFB3;SLC2A3;PPARG","TSPAN7;LCN2;RHOU;SOCS3;SERPINA1;PDE6A;TRPM6;SERPING1;KDELR3;ME1;VLDLR;PCK1;ADH6;PFKFB3;SLC2A3;PPARG"
"enet_075 + glmnet_1","GSE87466","LCN2;SERPINA1;PDE6A;KDELR3;VLDLR;PPARG","LCN2;SERPINA1;PDE6A;KDELR3;VLDLR;PPARG"
"univ_top5 + glmnet_1","GSE87466","MAOA;ADH6;PPARG;SLC2A3;ADH1C","MAOA;ADH6;PPARG;SLC2A3"
"univ_top10 + glmnet_1","GSE87466","MAOA;ADH6;PPARG;SLC2A3;ADH1C;SOCS3;TRPM6;PDE6A;PFKFB3;SERPINA1","MAOA;ADH6;PPARG;SLC2A3;SOCS3;TRPM6;SERPINA1"
"rf_top5 + glmnet_1","GSE87466","PDE6A;PPARG;LCN2;VLDLR;ADH6","PDE6A;PPARG;LCN2;VLDLR"
"rf_top10 + glmnet_1","GSE87466","PDE6A;PPARG;LCN2;ADH6;VLDLR;SERPINA1;SERPING1;TRPM6;MAOA;KDELR3","PPARG;LCN2;ADH6;VLDLR;SERPINA1;SERPING1;TRPM6;MAOA;KDELR3"
"all + svm_linear","GSE87466","DDC;TSPAN7;LCN2;RHOU;SOCS3;ANXA1;SERPINA1;CHST2;FGR;PDE6A;TRPM6;CATSPERB;MOGAT2;SERPING1;KDELR3;ME1;VLDLR;PCK1;MAOA;ADH1C;ADH6;PFKFB3;SLC2A3;PPARG","DDC;TSPAN7;LCN2;RHOU;SOCS3;ANXA1;SERPINA1;CHST2;FGR;PDE6A;TRPM6;CATSPERB;MOGAT2;SERPING1;KDELR3;ME1;VLDLR;PCK1;MAOA;ADH1C;ADH6;PFKFB3;SLC2A3;PPARG"
"lasso + svm_linear","GSE87466","TSPAN7;LCN2;RHOU;SOCS3;SERPINA1;TRPM6;SERPING1;KDELR3;VLDLR;ADH6;SLC2A3;PPARG","TSPAN7;LCN2;RHOU;SOCS3;SERPINA1;TRPM6;SERPING1;KDELR3;VLDLR;ADH6;SLC2A3;PPARG"
"enet_025 + svm_linear","GSE87466","TSPAN7;LCN2;RHOU;SOCS3;SERPINA1;CHST2;FGR;PDE6A;TRPM6;CATSPERB;SERPING1;KDELR3;ME1;VLDLR;PCK1;ADH6;PFKFB3;SLC2A3;PPARG","TSPAN7;LCN2;RHOU;SOCS3;SERPINA1;CHST2;FGR;PDE6A;TRPM6;CATSPERB;SERPING1;KDELR3;ME1;VLDLR;PCK1;ADH6;PFKFB3;SLC2A3;PPARG"
"enet_050 + svm_linear","GSE87466","TSPAN7;LCN2;RHOU;SOCS3;SERPINA1;PDE6A;TRPM6;SERPING1;KDELR3;ME1;VLDLR;PCK1;ADH6;PFKFB3;SLC2A3;PPARG","TSPAN7;LCN2;RHOU;SOCS3;SERPINA1;PDE6A;TRPM6;SERPING1;KDELR3;ME1;VLDLR;PCK1;ADH6;PFKFB3;SLC2A3;PPARG"
"enet_075 + svm_linear","GSE87466","LCN2;SERPINA1;PDE6A;KDELR3;VLDLR;PPARG","LCN2;SERPINA1;PDE6A;KDELR3;VLDLR;PPARG"
"univ_top5 + svm_linear","GSE87466","MAOA;ADH6;PPARG;SLC2A3;ADH1C","MAOA;ADH6;PPARG;SLC2A3;ADH1C"
"univ_top10 + svm_linear","GSE87466","MAOA;ADH6;PPARG;SLC2A3;ADH1C;SOCS3;TRPM6;PDE6A;PFKFB3;SERPINA1","MAOA;ADH6;PPARG;SLC2A3;ADH1C;SOCS3;TRPM6;PDE6A;PFKFB3;SERPINA1"
"rf_top5 + svm_linear","GSE87466","PDE6A;PPARG;LCN2;VLDLR;ADH6","PDE6A;PPARG;LCN2;VLDLR;ADH6"
"rf_top10 + svm_linear","GSE87466","PDE6A;PPARG;LCN2;ADH6;VLDLR;SERPINA1;SERPING1;TRPM6;MAOA;KDELR3","PDE6A;PPARG;LCN2;ADH6;VLDLR;SERPINA1;SERPING1;TRPM6;MAOA;KDELR3"
"all + svm_radial","GSE87466","DDC;TSPAN7;LCN2;RHOU;SOCS3;ANXA1;SERPINA1;CHST2;FGR;PDE6A;TRPM6;CATSPERB;MOGAT2;SERPING1;KDELR3;ME1;VLDLR;PCK1;MAOA;ADH1C;ADH6;PFKFB3;SLC2A3;PPARG","DDC;TSPAN7;LCN2;RHOU;SOCS3;ANXA1;SERPINA1;CHST2;FGR;PDE6A;TRPM6;CATSPERB;MOGAT2;SERPING1;KDELR3;ME1;VLDLR;PCK1;MAOA;ADH1C;ADH6;PFKFB3;SLC2A3;PPARG"
"lasso + svm_radial","GSE87466","TSPAN7;LCN2;RHOU;SOCS3;SERPINA1;TRPM6;SERPING1;KDELR3;VLDLR;ADH6;SLC2A3;PPARG","TSPAN7;LCN2;RHOU;SOCS3;SERPINA1;TRPM6;SERPING1;KDELR3;VLDLR;ADH6;SLC2A3;PPARG"
"enet_025 + svm_radial","GSE87466","TSPAN7;LCN2;RHOU;SOCS3;SERPINA1;CHST2;FGR;PDE6A;TRPM6;CATSPERB;SERPING1;KDELR3;ME1;VLDLR;PCK1;ADH6;PFKFB3;SLC2A3;PPARG","TSPAN7;LCN2;RHOU;SOCS3;SERPINA1;CHST2;FGR;PDE6A;TRPM6;CATSPERB;SERPING1;KDELR3;ME1;VLDLR;PCK1;ADH6;PFKFB3;SLC2A3;PPARG"
"enet_050 + svm_radial","GSE87466","TSPAN7;LCN2;RHOU;SOCS3;SERPINA1;PDE6A;TRPM6;SERPING1;KDELR3;ME1;VLDLR;PCK1;ADH6;PFKFB3;SLC2A3;PPARG","TSPAN7;LCN2;RHOU;SOCS3;SERPINA1;PDE6A;TRPM6;SERPING1;KDELR3;ME1;VLDLR;PCK1;ADH6;PFKFB3;SLC2A3;PPARG"
"enet_075 + svm_radial","GSE87466","LCN2;SERPINA1;PDE6A;KDELR3;VLDLR;PPARG","LCN2;SERPINA1;PDE6A;KDELR3;VLDLR;PPARG"
"univ_top5 + svm_radial","GSE87466","MAOA;ADH6;PPARG;SLC2A3;ADH1C","MAOA;ADH6;PPARG;SLC2A3;ADH1C"
"univ_top10 + svm_radial","GSE87466","MAOA;ADH6;PPARG;SLC2A3;ADH1C;SOCS3;TRPM6;PDE6A;PFKFB3;SERPINA1","MAOA;ADH6;PPARG;SLC2A3;ADH1C;SOCS3;TRPM6;PDE6A;PFKFB3;SERPINA1"
"rf_top5 + svm_radial","GSE87466","PDE6A;PPARG;LCN2;VLDLR;ADH6","PDE6A;PPARG;LCN2;VLDLR;ADH6"
"rf_top10 + svm_radial","GSE87466","PDE6A;PPARG;LCN2;ADH6;VLDLR;SERPINA1;SERPING1;TRPM6;MAOA;KDELR3","PDE6A;PPARG;LCN2;ADH6;VLDLR;SERPINA1;SERPING1;TRPM6;MAOA;KDELR3"
"all + rf","GSE87466","DDC;TSPAN7;LCN2;RHOU;SOCS3;ANXA1;SERPINA1;CHST2;FGR;PDE6A;TRPM6;CATSPERB;MOGAT2;SERPING1;KDELR3;ME1;VLDLR;PCK1;MAOA;ADH1C;ADH6;PFKFB3;SLC2A3;PPARG","DDC;TSPAN7;LCN2;RHOU;SOCS3;ANXA1;SERPINA1;CHST2;FGR;PDE6A;TRPM6;CATSPERB;MOGAT2;SERPING1;KDELR3;ME1;VLDLR;PCK1;MAOA;ADH1C;ADH6;PFKFB3;SLC2A3;PPARG"
"lasso + rf","GSE87466","TSPAN7;LCN2;RHOU;SOCS3;SERPINA1;TRPM6;SERPING1;KDELR3;VLDLR;ADH6;SLC2A3;PPARG","TSPAN7;LCN2;RHOU;SOCS3;SERPINA1;TRPM6;SERPING1;KDELR3;VLDLR;ADH6;SLC2A3;PPARG"
"enet_025 + rf","GSE87466","TSPAN7;LCN2;RHOU;SOCS3;SERPINA1;CHST2;FGR;PDE6A;TRPM6;CATSPERB;SERPING1;KDELR3;ME1;VLDLR;PCK1;ADH6;PFKFB3;SLC2A3;PPARG","TSPAN7;LCN2;RHOU;SOCS3;SERPINA1;CHST2;FGR;PDE6A;TRPM6;CATSPERB;SERPING1;KDELR3;ME1;VLDLR;PCK1;ADH6;PFKFB3;SLC2A3;PPARG"
"enet_050 + rf","GSE87466","TSPAN7;LCN2;RHOU;SOCS3;SERPINA1;PDE6A;TRPM6;SERPING1;KDELR3;ME1;VLDLR;PCK1;ADH6;PFKFB3;SLC2A3;PPARG","TSPAN7;LCN2;RHOU;SOCS3;SERPINA1;PDE6A;TRPM6;SERPING1;KDELR3;ME1;VLDLR;PCK1;ADH6;PFKFB3;SLC2A3;PPARG"
"enet_075 + rf","GSE87466","LCN2;SERPINA1;PDE6A;KDELR3;VLDLR;PPARG","LCN2;SERPINA1;PDE6A;KDELR3;VLDLR;PPARG"
"univ_top5 + rf","GSE87466","MAOA;ADH6;PPARG;SLC2A3;ADH1C","MAOA;ADH6;PPARG;SLC2A3;ADH1C"
"univ_top10 + rf","GSE87466","MAOA;ADH6;PPARG;SLC2A3;ADH1C;SOCS3;TRPM6;PDE6A;PFKFB3;SERPINA1","MAOA;ADH6;PPARG;SLC2A3;ADH1C;SOCS3;TRPM6;PDE6A;PFKFB3;SERPINA1"
"rf_top5 + rf","GSE87466","PDE6A;PPARG;LCN2;VLDLR;ADH6","PDE6A;PPARG;LCN2;VLDLR;ADH6"
"rf_top10 + rf","GSE87466","PDE6A;PPARG;LCN2;ADH6;VLDLR;SERPINA1;SERPING1;TRPM6;MAOA;KDELR3","PDE6A;PPARG;LCN2;ADH6;VLDLR;SERPINA1;SERPING1;TRPM6;MAOA;KDELR3"
"all + gbm","GSE87466","DDC;TSPAN7;LCN2;RHOU;SOCS3;ANXA1;SERPINA1;CHST2;FGR;PDE6A;TRPM6;CATSPERB;MOGAT2;SERPING1;KDELR3;ME1;VLDLR;PCK1;MAOA;ADH1C;ADH6;PFKFB3;SLC2A3;PPARG","DDC;TSPAN7;LCN2;RHOU;SOCS3;ANXA1;SERPINA1;CHST2;FGR;PDE6A;TRPM6;CATSPERB;MOGAT2;SERPING1;KDELR3;ME1;VLDLR;PCK1;MAOA;ADH1C;ADH6;PFKFB3;SLC2A3;PPARG"
"lasso + gbm","GSE87466","TSPAN7;LCN2;RHOU;SOCS3;SERPINA1;TRPM6;SERPING1;KDELR3;VLDLR;ADH6;SLC2A3;PPARG","TSPAN7;LCN2;RHOU;SOCS3;SERPINA1;TRPM6;SERPING1;KDELR3;VLDLR;ADH6;SLC2A3;PPARG"
"enet_025 + gbm","GSE87466","TSPAN7;LCN2;RHOU;SOCS3;SERPINA1;CHST2;FGR;PDE6A;TRPM6;CATSPERB;SERPING1;KDELR3;ME1;VLDLR;PCK1;ADH6;PFKFB3;SLC2A3;PPARG","TSPAN7;LCN2;RHOU;SOCS3;SERPINA1;CHST2;FGR;PDE6A;TRPM6;CATSPERB;SERPING1;KDELR3;ME1;VLDLR;PCK1;ADH6;PFKFB3;SLC2A3;PPARG"
"enet_050 + gbm","GSE87466","TSPAN7;LCN2;RHOU;SOCS3;SERPINA1;PDE6A;TRPM6;SERPING1;KDELR3;ME1;VLDLR;PCK1;ADH6;PFKFB3;SLC2A3;PPARG","TSPAN7;LCN2;RHOU;SOCS3;SERPINA1;PDE6A;TRPM6;SERPING1;KDELR3;ME1;VLDLR;PCK1;ADH6;PFKFB3;SLC2A3;PPARG"
"enet_075 + gbm","GSE87466","LCN2;SERPINA1;PDE6A;KDELR3;VLDLR;PPARG","LCN2;SERPINA1;PDE6A;KDELR3;VLDLR;PPARG"
"univ_top5 + gbm","GSE87466","MAOA;ADH6;PPARG;SLC2A3;ADH1C","MAOA;ADH6;PPARG;SLC2A3;ADH1C"
"univ_top10 + gbm","GSE87466","MAOA;ADH6;PPARG;SLC2A3;ADH1C;SOCS3;TRPM6;PDE6A;PFKFB3;SERPINA1","MAOA;ADH6;PPARG;SLC2A3;ADH1C;SOCS3;TRPM6;PDE6A;PFKFB3;SERPINA1"
"rf_top5 + gbm","GSE87466","PDE6A;PPARG;LCN2;VLDLR;ADH6","PDE6A;PPARG;LCN2;VLDLR;ADH6"
"rf_top10 + gbm","GSE87466","PDE6A;PPARG;LCN2;ADH6;VLDLR;SERPINA1;SERPING1;TRPM6;MAOA;KDELR3","PDE6A;PPARG;LCN2;ADH6;VLDLR;SERPINA1;SERPING1;TRPM6;MAOA;KDELR3"
"all + lda","GSE87466","DDC;TSPAN7;LCN2;RHOU;SOCS3;ANXA1;SERPINA1;CHST2;FGR;PDE6A;TRPM6;CATSPERB;MOGAT2;SERPING1;KDELR3;ME1;VLDLR;PCK1;MAOA;ADH1C;ADH6;PFKFB3;SLC2A3;PPARG","DDC;TSPAN7;LCN2;RHOU;SOCS3;ANXA1;SERPINA1;CHST2;FGR;PDE6A;TRPM6;CATSPERB;MOGAT2;SERPING1;KDELR3;ME1;VLDLR;PCK1;MAOA;ADH1C;ADH6;PFKFB3;SLC2A3;PPARG"
"lasso + lda","GSE87466","TSPAN7;LCN2;RHOU;SOCS3;SERPINA1;TRPM6;SERPING1;KDELR3;VLDLR;ADH6;SLC2A3;PPARG","TSPAN7;LCN2;RHOU;SOCS3;SERPINA1;TRPM6;SERPING1;KDELR3;VLDLR;ADH6;SLC2A3;PPARG"
"enet_025 + lda","GSE87466","TSPAN7;LCN2;RHOU;SOCS3;SERPINA1;CHST2;FGR;PDE6A;TRPM6;CATSPERB;SERPING1;KDELR3;ME1;VLDLR;PCK1;ADH6;PFKFB3;SLC2A3;PPARG","TSPAN7;LCN2;RHOU;SOCS3;SERPINA1;CHST2;FGR;PDE6A;TRPM6;CATSPERB;SERPING1;KDELR3;ME1;VLDLR;PCK1;ADH6;PFKFB3;SLC2A3;PPARG"
"enet_050 + lda","GSE87466","TSPAN7;LCN2;RHOU;SOCS3;SERPINA1;PDE6A;TRPM6;SERPING1;KDELR3;ME1;VLDLR;PCK1;ADH6;PFKFB3;SLC2A3;PPARG","TSPAN7;LCN2;RHOU;SOCS3;SERPINA1;PDE6A;TRPM6;SERPING1;KDELR3;ME1;VLDLR;PCK1;ADH6;PFKFB3;SLC2A3;PPARG"
"enet_075 + lda","GSE87466","LCN2;SERPINA1;PDE6A;KDELR3;VLDLR;PPARG","LCN2;SERPINA1;PDE6A;KDELR3;VLDLR;PPARG"
"univ_top5 + lda","GSE87466","MAOA;ADH6;PPARG;SLC2A3;ADH1C","MAOA;ADH6;PPARG;SLC2A3;ADH1C"
"univ_top10 + lda","GSE87466","MAOA;ADH6;PPARG;SLC2A3;ADH1C;SOCS3;TRPM6;PDE6A;PFKFB3;SERPINA1","MAOA;ADH6;PPARG;SLC2A3;ADH1C;SOCS3;TRPM6;PDE6A;PFKFB3;SERPINA1"
"rf_top5 + lda","GSE87466","PDE6A;PPARG;LCN2;VLDLR;ADH6","PDE6A;PPARG;LCN2;VLDLR;ADH6"
"rf_top10 + lda","GSE87466","PDE6A;PPARG;LCN2;ADH6;VLDLR;SERPINA1;SERPING1;TRPM6;MAOA;KDELR3","PDE6A;PPARG;LCN2;ADH6;VLDLR;SERPINA1;SERPING1;TRPM6;MAOA;KDELR3"
"all + naive_bayes","GSE87466","DDC;TSPAN7;LCN2;RHOU;SOCS3;ANXA1;SERPINA1;CHST2;FGR;PDE6A;TRPM6;CATSPERB;MOGAT2;SERPING1;KDELR3;ME1;VLDLR;PCK1;MAOA;ADH1C;ADH6;PFKFB3;SLC2A3;PPARG","DDC;TSPAN7;LCN2;RHOU;SOCS3;ANXA1;SERPINA1;CHST2;FGR;PDE6A;TRPM6;CATSPERB;MOGAT2;SERPING1;KDELR3;ME1;VLDLR;PCK1;MAOA;ADH1C;ADH6;PFKFB3;SLC2A3;PPARG"
"lasso + naive_bayes","GSE87466","TSPAN7;LCN2;RHOU;SOCS3;SERPINA1;TRPM6;SERPING1;KDELR3;VLDLR;ADH6;SLC2A3;PPARG","TSPAN7;LCN2;RHOU;SOCS3;SERPINA1;TRPM6;SERPING1;KDELR3;VLDLR;ADH6;SLC2A3;PPARG"
"enet_025 + naive_bayes","GSE87466","TSPAN7;LCN2;RHOU;SOCS3;SERPINA1;CHST2;FGR;PDE6A;TRPM6;CATSPERB;SERPING1;KDELR3;ME1;VLDLR;PCK1;ADH6;PFKFB3;SLC2A3;PPARG","TSPAN7;LCN2;RHOU;SOCS3;SERPINA1;CHST2;FGR;PDE6A;TRPM6;CATSPERB;SERPING1;KDELR3;ME1;VLDLR;PCK1;ADH6;PFKFB3;SLC2A3;PPARG"
"enet_050 + naive_bayes","GSE87466","TSPAN7;LCN2;RHOU;SOCS3;SERPINA1;PDE6A;TRPM6;SERPING1;KDELR3;ME1;VLDLR;PCK1;ADH6;PFKFB3;SLC2A3;PPARG","TSPAN7;LCN2;RHOU;SOCS3;SERPINA1;PDE6A;TRPM6;SERPING1;KDELR3;ME1;VLDLR;PCK1;ADH6;PFKFB3;SLC2A3;PPARG"
"enet_075 + naive_bayes","GSE87466","LCN2;SERPINA1;PDE6A;KDELR3;VLDLR;PPARG","LCN2;SERPINA1;PDE6A;KDELR3;VLDLR;PPARG"
"univ_top5 + naive_bayes","GSE87466","MAOA;ADH6;PPARG;SLC2A3;ADH1C","MAOA;ADH6;PPARG;SLC2A3;ADH1C"
"univ_top10 + naive_bayes","GSE87466","MAOA;ADH6;PPARG;SLC2A3;ADH1C;SOCS3;TRPM6;PDE6A;PFKFB3;SERPINA1","MAOA;ADH6;PPARG;SLC2A3;ADH1C;SOCS3;TRPM6;PDE6A;PFKFB3;SERPINA1"
"rf_top5 + naive_bayes","GSE87466","PDE6A;PPARG;LCN2;VLDLR;ADH6","PDE6A;PPARG;LCN2;VLDLR;ADH6"
"rf_top10 + naive_bayes","GSE87466","PDE6A;PPARG;LCN2;ADH6;VLDLR;SERPINA1;SERPING1;TRPM6;MAOA;KDELR3","PDE6A;PPARG;LCN2;ADH6;VLDLR;SERPINA1;SERPING1;TRPM6;MAOA;KDELR3"
"all + glmboost","GSE87466","DDC;TSPAN7;LCN2;RHOU;SOCS3;ANXA1;SERPINA1;CHST2;FGR;PDE6A;TRPM6;CATSPERB;MOGAT2;SERPING1;KDELR3;ME1;VLDLR;PCK1;MAOA;ADH1C;ADH6;PFKFB3;SLC2A3;PPARG","(Intercept);LCN2;RHOU;SERPINA1;PDE6A;SERPING1;KDELR3;VLDLR;ADH6;PPARG"
"lasso + glmboost","GSE87466","TSPAN7;LCN2;RHOU;SOCS3;SERPINA1;TRPM6;SERPING1;KDELR3;VLDLR;ADH6;SLC2A3;PPARG","(Intercept);LCN2;RHOU;SERPINA1;SERPING1;KDELR3;VLDLR;ADH6;PPARG"
"enet_025 + glmboost","GSE87466","TSPAN7;LCN2;RHOU;SOCS3;SERPINA1;CHST2;FGR;PDE6A;TRPM6;CATSPERB;SERPING1;KDELR3;ME1;VLDLR;PCK1;ADH6;PFKFB3;SLC2A3;PPARG","(Intercept);LCN2;RHOU;SERPINA1;PDE6A;SERPING1;KDELR3;VLDLR;ADH6;PPARG"
"enet_050 + glmboost","GSE87466","TSPAN7;LCN2;RHOU;SOCS3;SERPINA1;PDE6A;TRPM6;SERPING1;KDELR3;ME1;VLDLR;PCK1;ADH6;PFKFB3;SLC2A3;PPARG","(Intercept);LCN2;RHOU;SERPINA1;PDE6A;SERPING1;KDELR3;VLDLR;ADH6;PPARG"
"enet_075 + glmboost","GSE87466","LCN2;SERPINA1;PDE6A;KDELR3;VLDLR;PPARG","(Intercept);LCN2;SERPINA1;PDE6A;KDELR3;VLDLR;PPARG"
"univ_top5 + glmboost","GSE87466","MAOA;ADH6;PPARG;SLC2A3;ADH1C","(Intercept);ADH6;PPARG;SLC2A3"
"univ_top10 + glmboost","GSE87466","MAOA;ADH6;PPARG;SLC2A3;ADH1C;SOCS3;TRPM6;PDE6A;PFKFB3;SERPINA1","(Intercept);ADH6;PPARG;PDE6A;SERPINA1"
"rf_top5 + glmboost","GSE87466","PDE6A;PPARG;LCN2;VLDLR;ADH6","(Intercept);PDE6A;PPARG;LCN2;VLDLR;ADH6"
"rf_top10 + glmboost","GSE87466","PDE6A;PPARG;LCN2;ADH6;VLDLR;SERPINA1;SERPING1;TRPM6;MAOA;KDELR3","(Intercept);PDE6A;PPARG;LCN2;ADH6;VLDLR;SERPINA1;SERPING1;KDELR3"
"all + xgboost","GSE87466","DDC;TSPAN7;LCN2;RHOU;SOCS3;ANXA1;SERPINA1;CHST2;FGR;PDE6A;TRPM6;CATSPERB;MOGAT2;SERPING1;KDELR3;ME1;VLDLR;PCK1;MAOA;ADH1C;ADH6;PFKFB3;SLC2A3;PPARG","DDC;TSPAN7;LCN2;RHOU;SOCS3;ANXA1;SERPINA1;CHST2;FGR;PDE6A;TRPM6;CATSPERB;MOGAT2;SERPING1;KDELR3;ME1;VLDLR;PCK1;MAOA;ADH1C;ADH6;PFKFB3;SLC2A3;PPARG"
"lasso + xgboost","GSE87466","TSPAN7;LCN2;RHOU;SOCS3;SERPINA1;TRPM6;SERPING1;KDELR3;VLDLR;ADH6;SLC2A3;PPARG","TSPAN7;LCN2;RHOU;SOCS3;SERPINA1;TRPM6;SERPING1;KDELR3;VLDLR;ADH6;SLC2A3;PPARG"
"enet_025 + xgboost","GSE87466","TSPAN7;LCN2;RHOU;SOCS3;SERPINA1;CHST2;FGR;PDE6A;TRPM6;CATSPERB;SERPING1;KDELR3;ME1;VLDLR;PCK1;ADH6;PFKFB3;SLC2A3;PPARG","TSPAN7;LCN2;RHOU;SOCS3;SERPINA1;CHST2;FGR;PDE6A;TRPM6;CATSPERB;SERPING1;KDELR3;ME1;VLDLR;PCK1;ADH6;PFKFB3;SLC2A3;PPARG"
"enet_050 + xgboost","GSE87466","TSPAN7;LCN2;RHOU;SOCS3;SERPINA1;PDE6A;TRPM6;SERPING1;KDELR3;ME1;VLDLR;PCK1;ADH6;PFKFB3;SLC2A3;PPARG","TSPAN7;LCN2;RHOU;SOCS3;SERPINA1;PDE6A;TRPM6;SERPING1;KDELR3;ME1;VLDLR;PCK1;ADH6;PFKFB3;SLC2A3;PPARG"
"enet_075 + xgboost","GSE87466","LCN2;SERPINA1;PDE6A;KDELR3;VLDLR;PPARG","LCN2;SERPINA1;PDE6A;KDELR3;VLDLR;PPARG"
"univ_top5 + xgboost","GSE87466","MAOA;ADH6;PPARG;SLC2A3;ADH1C","MAOA;ADH6;PPARG;SLC2A3;ADH1C"
"univ_top10 + xgboost","GSE87466","MAOA;ADH6;PPARG;SLC2A3;ADH1C;SOCS3;TRPM6;PDE6A;PFKFB3;SERPINA1","MAOA;ADH6;PPARG;SLC2A3;ADH1C;SOCS3;TRPM6;PDE6A;PFKFB3;SERPINA1"
"rf_top5 + xgboost","GSE87466","PDE6A;PPARG;LCN2;VLDLR;ADH6","PDE6A;PPARG;LCN2;VLDLR;ADH6"
"rf_top10 + xgboost","GSE87466","PDE6A;PPARG;LCN2;ADH6;VLDLR;SERPINA1;SERPING1;TRPM6;MAOA;KDELR3","PDE6A;PPARG;LCN2;ADH6;VLDLR;SERPINA1;SERPING1;TRPM6;MAOA;KDELR3"
"all + glmnet_0","GSE107499","DDC;TSPAN7;LCN2;RHOU;SOCS3;ANXA1;SERPINA1;CHST2;FGR;PDE6A;TRPM6;CATSPERB;MOGAT2;SERPING1;KDELR3;ME1;VLDLR;PCK1;MAOA;ADH1C;ADH6;PFKFB3;SLC2A3;PPARG","DDC;TSPAN7;LCN2;RHOU;SOCS3;ANXA1;SERPINA1;CHST2;FGR;PDE6A;TRPM6;CATSPERB;MOGAT2;SERPING1;KDELR3;ME1;VLDLR;PCK1;MAOA;ADH1C;ADH6;PFKFB3;SLC2A3;PPARG"
"lasso + glmnet_0","GSE107499","LCN2;PDE6A;VLDLR","LCN2;PDE6A;VLDLR"
"enet_025 + glmnet_0","GSE107499","DDC;LCN2;RHOU;SOCS3;SERPINA1;CHST2;PDE6A;TRPM6;CATSPERB;SERPING1;KDELR3;VLDLR;PCK1;ADH1C;ADH6;SLC2A3;PPARG","DDC;LCN2;RHOU;SOCS3;SERPINA1;CHST2;PDE6A;TRPM6;CATSPERB;SERPING1;KDELR3;VLDLR;PCK1;ADH1C;ADH6;SLC2A3;PPARG"
"enet_050 + glmnet_0","GSE107499","LCN2;PDE6A;VLDLR","LCN2;PDE6A;VLDLR"
"enet_075 + glmnet_0","GSE107499","LCN2;PDE6A;KDELR3;VLDLR;ADH6;PPARG","LCN2;PDE6A;KDELR3;VLDLR;ADH6;PPARG"
"univ_top5 + glmnet_0","GSE107499","PCK1;ADH1C;SOCS3;SLC2A3;MAOA","PCK1;ADH1C;SOCS3;SLC2A3;MAOA"
"univ_top10 + glmnet_0","GSE107499","PCK1;ADH1C;SOCS3;SLC2A3;MAOA;ADH6;VLDLR;DDC;PPARG;PDE6A","PCK1;ADH1C;SOCS3;SLC2A3;MAOA;ADH6;VLDLR;DDC;PPARG;PDE6A"
"rf_top5 + glmnet_0","GSE107499","PDE6A;ADH6;PPARG;VLDLR;LCN2","PDE6A;ADH6;PPARG;VLDLR;LCN2"
"rf_top10 + glmnet_0","GSE107499","PDE6A;PPARG;ADH6;LCN2;VLDLR;ADH1C;SOCS3;RHOU;SLC2A3;KDELR3","PDE6A;PPARG;ADH6;LCN2;VLDLR;ADH1C;SOCS3;RHOU;SLC2A3;KDELR3"
"all + glmnet_0.25","GSE107499","DDC;TSPAN7;LCN2;RHOU;SOCS3;ANXA1;SERPINA1;CHST2;FGR;PDE6A;TRPM6;CATSPERB;MOGAT2;SERPING1;KDELR3;ME1;VLDLR;PCK1;MAOA;ADH1C;ADH6;PFKFB3;SLC2A3;PPARG","TSPAN7;LCN2;RHOU;SOCS3;ANXA1;SERPINA1;CHST2;FGR;PDE6A;TRPM6;CATSPERB;MOGAT2;SERPING1;KDELR3;ME1;VLDLR;MAOA;ADH1C;ADH6;PPARG"
"lasso + glmnet_0.25","GSE107499","LCN2;PDE6A;VLDLR","LCN2;PDE6A;VLDLR"
"enet_025 + glmnet_0.25","GSE107499","DDC;LCN2;RHOU;SOCS3;SERPINA1;CHST2;PDE6A;TRPM6;CATSPERB;SERPING1;KDELR3;VLDLR;PCK1;ADH1C;ADH6;SLC2A3;PPARG","LCN2;RHOU;SOCS3;SERPINA1;CHST2;PDE6A;TRPM6;SERPING1;KDELR3;VLDLR;ADH1C;ADH6;SLC2A3;PPARG"
"enet_050 + glmnet_0.25","GSE107499","LCN2;PDE6A;VLDLR","LCN2;PDE6A;VLDLR"
"enet_075 + glmnet_0.25","GSE107499","LCN2;PDE6A;KDELR3;VLDLR;ADH6;PPARG","LCN2;PDE6A;KDELR3;VLDLR;ADH6;PPARG"
"univ_top5 + glmnet_0.25","GSE107499","PCK1;ADH1C;SOCS3;SLC2A3;MAOA","PCK1;ADH1C;SOCS3;SLC2A3;MAOA"
"univ_top10 + glmnet_0.25","GSE107499","PCK1;ADH1C;SOCS3;SLC2A3;MAOA;ADH6;VLDLR;DDC;PPARG;PDE6A","PCK1;ADH1C;SOCS3;SLC2A3;ADH6;VLDLR;DDC;PPARG;PDE6A"
"rf_top5 + glmnet_0.25","GSE107499","PDE6A;ADH6;PPARG;VLDLR;LCN2","PDE6A;ADH6;PPARG;VLDLR;LCN2"
"rf_top10 + glmnet_0.25","GSE107499","PDE6A;PPARG;ADH6;LCN2;VLDLR;ADH1C;SOCS3;RHOU;SLC2A3;KDELR3","PDE6A;PPARG;ADH6;LCN2;VLDLR;ADH1C;SOCS3;RHOU;SLC2A3;KDELR3"
"all + glmnet_0.5","GSE107499","DDC;TSPAN7;LCN2;RHOU;SOCS3;ANXA1;SERPINA1;CHST2;FGR;PDE6A;TRPM6;CATSPERB;MOGAT2;SERPING1;KDELR3;ME1;VLDLR;PCK1;MAOA;ADH1C;ADH6;PFKFB3;SLC2A3;PPARG","LCN2;PDE6A;TRPM6;KDELR3;VLDLR;PCK1;ADH6;PPARG"
"lasso + glmnet_0.5","GSE107499","LCN2;PDE6A;VLDLR","LCN2;PDE6A;VLDLR"
"enet_025 + glmnet_0.5","GSE107499","DDC;LCN2;RHOU;SOCS3;SERPINA1;CHST2;PDE6A;TRPM6;CATSPERB;SERPING1;KDELR3;VLDLR;PCK1;ADH1C;ADH6;SLC2A3;PPARG","LCN2;RHOU;SOCS3;SERPINA1;CHST2;PDE6A;TRPM6;SERPING1;KDELR3;VLDLR;ADH6;PPARG"
"enet_050 + glmnet_0.5","GSE107499","LCN2;PDE6A;VLDLR","LCN2;PDE6A;VLDLR"
"enet_075 + glmnet_0.5","GSE107499","LCN2;PDE6A;KDELR3;VLDLR;ADH6;PPARG","LCN2;PDE6A;KDELR3;VLDLR;ADH6;PPARG"
"univ_top5 + glmnet_0.5","GSE107499","PCK1;ADH1C;SOCS3;SLC2A3;MAOA","PCK1;ADH1C;SOCS3;SLC2A3;MAOA"
"univ_top10 + glmnet_0.5","GSE107499","PCK1;ADH1C;SOCS3;SLC2A3;MAOA;ADH6;VLDLR;DDC;PPARG;PDE6A","ADH6;VLDLR;PDE6A"
"rf_top5 + glmnet_0.5","GSE107499","PDE6A;ADH6;PPARG;VLDLR;LCN2","PDE6A;ADH6;PPARG;VLDLR;LCN2"
"rf_top10 + glmnet_0.5","GSE107499","PDE6A;PPARG;ADH6;LCN2;VLDLR;ADH1C;SOCS3;RHOU;SLC2A3;KDELR3","PDE6A;PPARG;ADH6;LCN2;VLDLR;ADH1C;SOCS3;RHOU;SLC2A3;KDELR3"
"all + glmnet_0.75","GSE107499","DDC;TSPAN7;LCN2;RHOU;SOCS3;ANXA1;SERPINA1;CHST2;FGR;PDE6A;TRPM6;CATSPERB;MOGAT2;SERPING1;KDELR3;ME1;VLDLR;PCK1;MAOA;ADH1C;ADH6;PFKFB3;SLC2A3;PPARG","LCN2;RHOU;SOCS3;SERPINA1;PDE6A;SERPING1;KDELR3;VLDLR;ADH6;PPARG"
"lasso + glmnet_0.75","GSE107499","LCN2;PDE6A;VLDLR","LCN2;PDE6A;VLDLR"
"enet_025 + glmnet_0.75","GSE107499","DDC;LCN2;RHOU;SOCS3;SERPINA1;CHST2;PDE6A;TRPM6;CATSPERB;SERPING1;KDELR3;VLDLR;PCK1;ADH1C;ADH6;SLC2A3;PPARG","LCN2;RHOU;SERPINA1;TRPM6;CATSPERB;SERPING1;KDELR3;VLDLR;ADH6"
"enet_050 + glmnet_0.75","GSE107499","LCN2;PDE6A;VLDLR","LCN2;PDE6A;VLDLR"
"enet_075 + glmnet_0.75","GSE107499","LCN2;PDE6A;KDELR3;VLDLR;ADH6;PPARG","LCN2;PDE6A;KDELR3;VLDLR;ADH6;PPARG"
"univ_top5 + glmnet_0.75","GSE107499","PCK1;ADH1C;SOCS3;SLC2A3;MAOA","PCK1;ADH1C;SOCS3;SLC2A3;MAOA"
"univ_top10 + glmnet_0.75","GSE107499","PCK1;ADH1C;SOCS3;SLC2A3;MAOA;ADH6;VLDLR;DDC;PPARG;PDE6A","ADH6;VLDLR;PDE6A"
"rf_top5 + glmnet_0.75","GSE107499","PDE6A;ADH6;PPARG;VLDLR;LCN2","PDE6A;ADH6;PPARG;VLDLR;LCN2"
"rf_top10 + glmnet_0.75","GSE107499","PDE6A;PPARG;ADH6;LCN2;VLDLR;ADH1C;SOCS3;RHOU;SLC2A3;KDELR3","PDE6A;PPARG;ADH6;LCN2;VLDLR;RHOU;KDELR3"
"all + glmnet_1","GSE107499","DDC;TSPAN7;LCN2;RHOU;SOCS3;ANXA1;SERPINA1;CHST2;FGR;PDE6A;TRPM6;CATSPERB;MOGAT2;SERPING1;KDELR3;ME1;VLDLR;PCK1;MAOA;ADH1C;ADH6;PFKFB3;SLC2A3;PPARG","TSPAN7;LCN2;RHOU;SERPINA1;CATSPERB;SERPING1;KDELR3;ME1;VLDLR;MAOA;ADH6"
"lasso + glmnet_1","GSE107499","LCN2;PDE6A;VLDLR","LCN2;PDE6A;VLDLR"
"enet_025 + glmnet_1","GSE107499","DDC;LCN2;RHOU;SOCS3;SERPINA1;CHST2;PDE6A;TRPM6;CATSPERB;SERPING1;KDELR3;VLDLR;PCK1;ADH1C;ADH6;SLC2A3;PPARG","LCN2;RHOU;SERPINA1;CATSPERB;SERPING1;KDELR3;VLDLR;ADH6"
"enet_050 + glmnet_1","GSE107499","LCN2;PDE6A;VLDLR","LCN2;PDE6A;VLDLR"
"enet_075 + glmnet_1","GSE107499","LCN2;PDE6A;KDELR3;VLDLR;ADH6;PPARG","LCN2;KDELR3;VLDLR;ADH6;PPARG"
"univ_top5 + glmnet_1","GSE107499","PCK1;ADH1C;SOCS3;SLC2A3;MAOA","PCK1;ADH1C;SOCS3;SLC2A3;MAOA"
"univ_top10 + glmnet_1","GSE107499","PCK1;ADH1C;SOCS3;SLC2A3;MAOA;ADH6;VLDLR;DDC;PPARG;PDE6A","VLDLR;PDE6A"
"rf_top5 + glmnet_1","GSE107499","PDE6A;ADH6;PPARG;VLDLR;LCN2","PDE6A;ADH6;VLDLR;LCN2"
"rf_top10 + glmnet_1","GSE107499","PDE6A;PPARG;ADH6;LCN2;VLDLR;ADH1C;SOCS3;RHOU;SLC2A3;KDELR3","PDE6A;PPARG;ADH6;VLDLR;RHOU;KDELR3"
"all + svm_linear","GSE107499","DDC;TSPAN7;LCN2;RHOU;SOCS3;ANXA1;SERPINA1;CHST2;FGR;PDE6A;TRPM6;CATSPERB;MOGAT2;SERPING1;KDELR3;ME1;VLDLR;PCK1;MAOA;ADH1C;ADH6;PFKFB3;SLC2A3;PPARG","DDC;TSPAN7;LCN2;RHOU;SOCS3;ANXA1;SERPINA1;CHST2;FGR;PDE6A;TRPM6;CATSPERB;MOGAT2;SERPING1;KDELR3;ME1;VLDLR;PCK1;MAOA;ADH1C;ADH6;PFKFB3;SLC2A3;PPARG"
"lasso + svm_linear","GSE107499","LCN2;PDE6A;VLDLR","LCN2;PDE6A;VLDLR"
"enet_025 + svm_linear","GSE107499","DDC;LCN2;RHOU;SOCS3;SERPINA1;CHST2;PDE6A;TRPM6;CATSPERB;SERPING1;KDELR3;VLDLR;PCK1;ADH1C;ADH6;SLC2A3;PPARG","DDC;LCN2;RHOU;SOCS3;SERPINA1;CHST2;PDE6A;TRPM6;CATSPERB;SERPING1;KDELR3;VLDLR;PCK1;ADH1C;ADH6;SLC2A3;PPARG"
"enet_050 + svm_linear","GSE107499","LCN2;PDE6A;VLDLR","LCN2;PDE6A;VLDLR"
"enet_075 + svm_linear","GSE107499","LCN2;PDE6A;KDELR3;VLDLR;ADH6;PPARG","LCN2;PDE6A;KDELR3;VLDLR;ADH6;PPARG"
"univ_top5 + svm_linear","GSE107499","PCK1;ADH1C;SOCS3;SLC2A3;MAOA","PCK1;ADH1C;SOCS3;SLC2A3;MAOA"
"univ_top10 + svm_linear","GSE107499","PCK1;ADH1C;SOCS3;SLC2A3;MAOA;ADH6;VLDLR;DDC;PPARG;PDE6A","PCK1;ADH1C;SOCS3;SLC2A3;MAOA;ADH6;VLDLR;DDC;PPARG;PDE6A"
"rf_top5 + svm_linear","GSE107499","PDE6A;ADH6;PPARG;VLDLR;LCN2","PDE6A;ADH6;PPARG;VLDLR;LCN2"
"rf_top10 + svm_linear","GSE107499","PDE6A;PPARG;ADH6;LCN2;VLDLR;ADH1C;SOCS3;RHOU;SLC2A3;KDELR3","PDE6A;PPARG;ADH6;LCN2;VLDLR;ADH1C;SOCS3;RHOU;SLC2A3;KDELR3"
"all + svm_radial","GSE107499","DDC;TSPAN7;LCN2;RHOU;SOCS3;ANXA1;SERPINA1;CHST2;FGR;PDE6A;TRPM6;CATSPERB;MOGAT2;SERPING1;KDELR3;ME1;VLDLR;PCK1;MAOA;ADH1C;ADH6;PFKFB3;SLC2A3;PPARG","DDC;TSPAN7;LCN2;RHOU;SOCS3;ANXA1;SERPINA1;CHST2;FGR;PDE6A;TRPM6;CATSPERB;MOGAT2;SERPING1;KDELR3;ME1;VLDLR;PCK1;MAOA;ADH1C;ADH6;PFKFB3;SLC2A3;PPARG"
"lasso + svm_radial","GSE107499","LCN2;PDE6A;VLDLR","LCN2;PDE6A;VLDLR"
"enet_025 + svm_radial","GSE107499","DDC;LCN2;RHOU;SOCS3;SERPINA1;CHST2;PDE6A;TRPM6;CATSPERB;SERPING1;KDELR3;VLDLR;PCK1;ADH1C;ADH6;SLC2A3;PPARG","DDC;LCN2;RHOU;SOCS3;SERPINA1;CHST2;PDE6A;TRPM6;CATSPERB;SERPING1;KDELR3;VLDLR;PCK1;ADH1C;ADH6;SLC2A3;PPARG"
"enet_050 + svm_radial","GSE107499","LCN2;PDE6A;VLDLR","LCN2;PDE6A;VLDLR"
"enet_075 + svm_radial","GSE107499","LCN2;PDE6A;KDELR3;VLDLR;ADH6;PPARG","LCN2;PDE6A;KDELR3;VLDLR;ADH6;PPARG"
"univ_top5 + svm_radial","GSE107499","PCK1;ADH1C;SOCS3;SLC2A3;MAOA","PCK1;ADH1C;SOCS3;SLC2A3;MAOA"
"univ_top10 + svm_radial","GSE107499","PCK1;ADH1C;SOCS3;SLC2A3;MAOA;ADH6;VLDLR;DDC;PPARG;PDE6A","PCK1;ADH1C;SOCS3;SLC2A3;MAOA;ADH6;VLDLR;DDC;PPARG;PDE6A"
"rf_top5 + svm_radial","GSE107499","PDE6A;ADH6;PPARG;VLDLR;LCN2","PDE6A;ADH6;PPARG;VLDLR;LCN2"
"rf_top10 + svm_radial","GSE107499","PDE6A;PPARG;ADH6;LCN2;VLDLR;ADH1C;SOCS3;RHOU;SLC2A3;KDELR3","PDE6A;PPARG;ADH6;LCN2;VLDLR;ADH1C;SOCS3;RHOU;SLC2A3;KDELR3"
"all + rf","GSE107499","DDC;TSPAN7;LCN2;RHOU;SOCS3;ANXA1;SERPINA1;CHST2;FGR;PDE6A;TRPM6;CATSPERB;MOGAT2;SERPING1;KDELR3;ME1;VLDLR;PCK1;MAOA;ADH1C;ADH6;PFKFB3;SLC2A3;PPARG","DDC;TSPAN7;LCN2;RHOU;SOCS3;ANXA1;SERPINA1;CHST2;FGR;PDE6A;TRPM6;CATSPERB;MOGAT2;SERPING1;KDELR3;ME1;VLDLR;PCK1;MAOA;ADH1C;ADH6;PFKFB3;SLC2A3;PPARG"
"lasso + rf","GSE107499","LCN2;PDE6A;VLDLR","LCN2;PDE6A;VLDLR"
"enet_025 + rf","GSE107499","DDC;LCN2;RHOU;SOCS3;SERPINA1;CHST2;PDE6A;TRPM6;CATSPERB;SERPING1;KDELR3;VLDLR;PCK1;ADH1C;ADH6;SLC2A3;PPARG","DDC;LCN2;RHOU;SOCS3;SERPINA1;CHST2;PDE6A;TRPM6;CATSPERB;SERPING1;KDELR3;VLDLR;PCK1;ADH1C;ADH6;SLC2A3;PPARG"
"enet_050 + rf","GSE107499","LCN2;PDE6A;VLDLR","LCN2;PDE6A;VLDLR"
"enet_075 + rf","GSE107499","LCN2;PDE6A;KDELR3;VLDLR;ADH6;PPARG","LCN2;PDE6A;KDELR3;VLDLR;ADH6;PPARG"
"univ_top5 + rf","GSE107499","PCK1;ADH1C;SOCS3;SLC2A3;MAOA","PCK1;ADH1C;SOCS3;SLC2A3;MAOA"
"univ_top10 + rf","GSE107499","PCK1;ADH1C;SOCS3;SLC2A3;MAOA;ADH6;VLDLR;DDC;PPARG;PDE6A","PCK1;ADH1C;SOCS3;SLC2A3;MAOA;ADH6;VLDLR;DDC;PPARG;PDE6A"
"rf_top5 + rf","GSE107499","PDE6A;ADH6;PPARG;VLDLR;LCN2","PDE6A;ADH6;PPARG;VLDLR;LCN2"
"rf_top10 + rf","GSE107499","PDE6A;PPARG;ADH6;LCN2;VLDLR;ADH1C;SOCS3;RHOU;SLC2A3;KDELR3","PDE6A;PPARG;ADH6;LCN2;VLDLR;ADH1C;SOCS3;RHOU;SLC2A3;KDELR3"
"all + gbm","GSE107499","DDC;TSPAN7;LCN2;RHOU;SOCS3;ANXA1;SERPINA1;CHST2;FGR;PDE6A;TRPM6;CATSPERB;MOGAT2;SERPING1;KDELR3;ME1;VLDLR;PCK1;MAOA;ADH1C;ADH6;PFKFB3;SLC2A3;PPARG","DDC;TSPAN7;LCN2;RHOU;SOCS3;ANXA1;SERPINA1;CHST2;FGR;PDE6A;TRPM6;CATSPERB;MOGAT2;SERPING1;KDELR3;ME1;VLDLR;PCK1;MAOA;ADH1C;ADH6;PFKFB3;SLC2A3;PPARG"
"lasso + gbm","GSE107499","LCN2;PDE6A;VLDLR","LCN2;PDE6A;VLDLR"
"enet_025 + gbm","GSE107499","DDC;LCN2;RHOU;SOCS3;SERPINA1;CHST2;PDE6A;TRPM6;CATSPERB;SERPING1;KDELR3;VLDLR;PCK1;ADH1C;ADH6;SLC2A3;PPARG","DDC;LCN2;RHOU;SOCS3;SERPINA1;CHST2;PDE6A;TRPM6;CATSPERB;SERPING1;KDELR3;VLDLR;PCK1;ADH1C;ADH6;SLC2A3;PPARG"
"enet_050 + gbm","GSE107499","LCN2;PDE6A;VLDLR","LCN2;PDE6A;VLDLR"
"enet_075 + gbm","GSE107499","LCN2;PDE6A;KDELR3;VLDLR;ADH6;PPARG","LCN2;PDE6A;KDELR3;VLDLR;ADH6;PPARG"
"univ_top5 + gbm","GSE107499","PCK1;ADH1C;SOCS3;SLC2A3;MAOA","PCK1;ADH1C;SOCS3;SLC2A3;MAOA"
"univ_top10 + gbm","GSE107499","PCK1;ADH1C;SOCS3;SLC2A3;MAOA;ADH6;VLDLR;DDC;PPARG;PDE6A","PCK1;ADH1C;SOCS3;SLC2A3;MAOA;ADH6;VLDLR;DDC;PPARG;PDE6A"
"rf_top5 + gbm","GSE107499","PDE6A;ADH6;PPARG;VLDLR;LCN2","PDE6A;ADH6;PPARG;VLDLR;LCN2"
"rf_top10 + gbm","GSE107499","PDE6A;PPARG;ADH6;LCN2;VLDLR;ADH1C;SOCS3;RHOU;SLC2A3;KDELR3","PDE6A;PPARG;ADH6;LCN2;VLDLR;ADH1C;SOCS3;RHOU;SLC2A3;KDELR3"
"all + lda","GSE107499","DDC;TSPAN7;LCN2;RHOU;SOCS3;ANXA1;SERPINA1;CHST2;FGR;PDE6A;TRPM6;CATSPERB;MOGAT2;SERPING1;KDELR3;ME1;VLDLR;PCK1;MAOA;ADH1C;ADH6;PFKFB3;SLC2A3;PPARG","DDC;TSPAN7;LCN2;RHOU;SOCS3;ANXA1;SERPINA1;CHST2;FGR;PDE6A;TRPM6;CATSPERB;MOGAT2;SERPING1;KDELR3;ME1;VLDLR;PCK1;MAOA;ADH1C;ADH6;PFKFB3;SLC2A3;PPARG"
"lasso + lda","GSE107499","LCN2;PDE6A;VLDLR","LCN2;PDE6A;VLDLR"
"enet_025 + lda","GSE107499","DDC;LCN2;RHOU;SOCS3;SERPINA1;CHST2;PDE6A;TRPM6;CATSPERB;SERPING1;KDELR3;VLDLR;PCK1;ADH1C;ADH6;SLC2A3;PPARG","DDC;LCN2;RHOU;SOCS3;SERPINA1;CHST2;PDE6A;TRPM6;CATSPERB;SERPING1;KDELR3;VLDLR;PCK1;ADH1C;ADH6;SLC2A3;PPARG"
"enet_050 + lda","GSE107499","LCN2;PDE6A;VLDLR","LCN2;PDE6A;VLDLR"
"enet_075 + lda","GSE107499","LCN2;PDE6A;KDELR3;VLDLR;ADH6;PPARG","LCN2;PDE6A;KDELR3;VLDLR;ADH6;PPARG"
"univ_top5 + lda","GSE107499","PCK1;ADH1C;SOCS3;SLC2A3;MAOA","PCK1;ADH1C;SOCS3;SLC2A3;MAOA"
"univ_top10 + lda","GSE107499","PCK1;ADH1C;SOCS3;SLC2A3;MAOA;ADH6;VLDLR;DDC;PPARG;PDE6A","PCK1;ADH1C;SOCS3;SLC2A3;MAOA;ADH6;VLDLR;DDC;PPARG;PDE6A"
"rf_top5 + lda","GSE107499","PDE6A;ADH6;PPARG;VLDLR;LCN2","PDE6A;ADH6;PPARG;VLDLR;LCN2"
"rf_top10 + lda","GSE107499","PDE6A;PPARG;ADH6;LCN2;VLDLR;ADH1C;SOCS3;RHOU;SLC2A3;KDELR3","PDE6A;PPARG;ADH6;LCN2;VLDLR;ADH1C;SOCS3;RHOU;SLC2A3;KDELR3"
"all + naive_bayes","GSE107499","DDC;TSPAN7;LCN2;RHOU;SOCS3;ANXA1;SERPINA1;CHST2;FGR;PDE6A;TRPM6;CATSPERB;MOGAT2;SERPING1;KDELR3;ME1;VLDLR;PCK1;MAOA;ADH1C;ADH6;PFKFB3;SLC2A3;PPARG","DDC;TSPAN7;LCN2;RHOU;SOCS3;ANXA1;SERPINA1;CHST2;FGR;PDE6A;TRPM6;CATSPERB;MOGAT2;SERPING1;KDELR3;ME1;VLDLR;PCK1;MAOA;ADH1C;ADH6;PFKFB3;SLC2A3;PPARG"
"lasso + naive_bayes","GSE107499","LCN2;PDE6A;VLDLR","LCN2;PDE6A;VLDLR"
"enet_025 + naive_bayes","GSE107499","DDC;LCN2;RHOU;SOCS3;SERPINA1;CHST2;PDE6A;TRPM6;CATSPERB;SERPING1;KDELR3;VLDLR;PCK1;ADH1C;ADH6;SLC2A3;PPARG","DDC;LCN2;RHOU;SOCS3;SERPINA1;CHST2;PDE6A;TRPM6;CATSPERB;SERPING1;KDELR3;VLDLR;PCK1;ADH1C;ADH6;SLC2A3;PPARG"
"enet_050 + naive_bayes","GSE107499","LCN2;PDE6A;VLDLR","LCN2;PDE6A;VLDLR"
"enet_075 + naive_bayes","GSE107499","LCN2;PDE6A;KDELR3;VLDLR;ADH6;PPARG","LCN2;PDE6A;KDELR3;VLDLR;ADH6;PPARG"
"univ_top5 + naive_bayes","GSE107499","PCK1;ADH1C;SOCS3;SLC2A3;MAOA","PCK1;ADH1C;SOCS3;SLC2A3;MAOA"
"univ_top10 + naive_bayes","GSE107499","PCK1;ADH1C;SOCS3;SLC2A3;MAOA;ADH6;VLDLR;DDC;PPARG;PDE6A","PCK1;ADH1C;SOCS3;SLC2A3;MAOA;ADH6;VLDLR;DDC;PPARG;PDE6A"
"rf_top5 + naive_bayes","GSE107499","PDE6A;ADH6;PPARG;VLDLR;LCN2","PDE6A;ADH6;PPARG;VLDLR;LCN2"
"rf_top10 + naive_bayes","GSE107499","PDE6A;PPARG;ADH6;LCN2;VLDLR;ADH1C;SOCS3;RHOU;SLC2A3;KDELR3","PDE6A;PPARG;ADH6;LCN2;VLDLR;ADH1C;SOCS3;RHOU;SLC2A3;KDELR3"
"all + glmboost","GSE107499","DDC;TSPAN7;LCN2;RHOU;SOCS3;ANXA1;SERPINA1;CHST2;FGR;PDE6A;TRPM6;CATSPERB;MOGAT2;SERPING1;KDELR3;ME1;VLDLR;PCK1;MAOA;ADH1C;ADH6;PFKFB3;SLC2A3;PPARG","(Intercept);LCN2;RHOU;PDE6A;SERPING1;KDELR3;VLDLR;ADH6"
"lasso + glmboost","GSE107499","LCN2;PDE6A;VLDLR","(Intercept);LCN2;PDE6A;VLDLR"
"enet_025 + glmboost","GSE107499","DDC;LCN2;RHOU;SOCS3;SERPINA1;CHST2;PDE6A;TRPM6;CATSPERB;SERPING1;KDELR3;VLDLR;PCK1;ADH1C;ADH6;SLC2A3;PPARG","(Intercept);LCN2;RHOU;PDE6A;SERPING1;KDELR3;VLDLR;ADH6"
"enet_050 + glmboost","GSE107499","LCN2;PDE6A;VLDLR","(Intercept);LCN2;PDE6A;VLDLR"
"enet_075 + glmboost","GSE107499","LCN2;PDE6A;KDELR3;VLDLR;ADH6;PPARG","(Intercept);LCN2;PDE6A;KDELR3;VLDLR;ADH6;PPARG"
"univ_top5 + glmboost","GSE107499","PCK1;ADH1C;SOCS3;SLC2A3;MAOA","(Intercept);PCK1;SOCS3;SLC2A3"
"univ_top10 + glmboost","GSE107499","PCK1;ADH1C;SOCS3;SLC2A3;MAOA;ADH6;VLDLR;DDC;PPARG;PDE6A","(Intercept);ADH6;VLDLR;PDE6A"
"rf_top5 + glmboost","GSE107499","PDE6A;ADH6;PPARG;VLDLR;LCN2","(Intercept);PDE6A;ADH6;VLDLR;LCN2"
"rf_top10 + glmboost","GSE107499","PDE6A;PPARG;ADH6;LCN2;VLDLR;ADH1C;SOCS3;RHOU;SLC2A3;KDELR3","(Intercept);PDE6A;ADH6;LCN2;VLDLR;RHOU;KDELR3"
"all + xgboost","GSE107499","DDC;TSPAN7;LCN2;RHOU;SOCS3;ANXA1;SERPINA1;CHST2;FGR;PDE6A;TRPM6;CATSPERB;MOGAT2;SERPING1;KDELR3;ME1;VLDLR;PCK1;MAOA;ADH1C;ADH6;PFKFB3;SLC2A3;PPARG","DDC;TSPAN7;LCN2;RHOU;SOCS3;ANXA1;SERPINA1;CHST2;FGR;PDE6A;TRPM6;CATSPERB;MOGAT2;SERPING1;KDELR3;ME1;VLDLR;PCK1;MAOA;ADH1C;ADH6;PFKFB3;SLC2A3;PPARG"
"lasso + xgboost","GSE107499","LCN2;PDE6A;VLDLR","LCN2;PDE6A;VLDLR"
"enet_025 + xgboost","GSE107499","DDC;LCN2;RHOU;SOCS3;SERPINA1;CHST2;PDE6A;TRPM6;CATSPERB;SERPING1;KDELR3;VLDLR;PCK1;ADH1C;ADH6;SLC2A3;PPARG","DDC;LCN2;RHOU;SOCS3;SERPINA1;CHST2;PDE6A;TRPM6;CATSPERB;SERPING1;KDELR3;VLDLR;PCK1;ADH1C;ADH6;SLC2A3;PPARG"
"enet_050 + xgboost","GSE107499","LCN2;PDE6A;VLDLR","LCN2;PDE6A;VLDLR"
"enet_075 + xgboost","GSE107499","LCN2;PDE6A;KDELR3;VLDLR;ADH6;PPARG","LCN2;PDE6A;KDELR3;VLDLR;ADH6;PPARG"
"univ_top5 + xgboost","GSE107499","PCK1;ADH1C;SOCS3;SLC2A3;MAOA","PCK1;ADH1C;SOCS3;SLC2A3;MAOA"
"univ_top10 + xgboost","GSE107499","PCK1;ADH1C;SOCS3;SLC2A3;MAOA;ADH6;VLDLR;DDC;PPARG;PDE6A","PCK1;ADH1C;SOCS3;SLC2A3;MAOA;ADH6;VLDLR;DDC;PPARG;PDE6A"
"rf_top5 + xgboost","GSE107499","PDE6A;ADH6;PPARG;VLDLR;LCN2","PDE6A;ADH6;PPARG;VLDLR;LCN2"
"rf_top10 + xgboost","GSE107499","PDE6A;PPARG;ADH6;LCN2;VLDLR;ADH1C;SOCS3;RHOU;SLC2A3;KDELR3","PDE6A;PPARG;ADH6;LCN2;VLDLR;ADH1C;SOCS3;RHOU;SLC2A3;KDELR3"
