"workflow","selector","classifier","mean_auc","median_auc","min_auc","sd_auc","successful_cohorts"
"all + glmnet_0","all","glmnet_0",0.986928702493935,0.991130132260598,0.965454545454545,0.0149184529977337,4
"enet_025 + glmnet_0","enet_025","glmnet_0",0.985386055466041,0.98804483820481,0.965454545454545,0.0145351926167775,4
"all + glmnet_0.25","all","glmnet_0.25",0.985185838374605,0.989765616143149,0.961212121212121,0.0171413743035797,4
"all + svm_linear","all","svm_linear",0.984509487234336,0.985079580529278,0.967878787878788,0.0152280058030211,4
"rf_top10 + glmnet_0","rf_top10","glmnet_0",0.984465269986955,0.988475994519365,0.960909090909091,0.0170025807019826,4
"enet_025 + glmnet_0.25","enet_025","glmnet_0.25",0.984187552483855,0.987617529210135,0.961515151515152,0.0170151155896201,4
"enet_075 + glmnet_0","enet_075","glmnet_0",0.984149743588954,0.992693426571848,0.951212121212121,0.0222274579428866,4
"all + rf","all","rf",0.983355719605275,0.989135681634793,0.955151515151515,0.0196807347304312,4
"all + glmnet_0.75","all","glmnet_0.75",0.983327603391592,0.987261267389245,0.958787878787879,0.0174696681920937,4
"enet_025 + svm_linear","enet_025","svm_linear",0.982575556232684,0.986211718525974,0.957878787878788,0.0188029476792062,4
"enet_025 + rf","enet_025","rf",0.982487680881744,0.988157179945306,0.953636363636364,0.0206618210796875,4
"all + lda","all","lda",0.982483076922288,0.992693426571848,0.944545454545455,0.0255256817832517,4
"rf_top10 + svm_linear","rf_top10","svm_linear",0.982428085896803,0.986522838460272,0.956666666666667,0.0188099181200316,4
"all + svm_radial","all","svm_radial",0.982401350870956,0.99237845931767,0.944848484848485,0.0254886339572244,4
"rf_top10 + naive_bayes","rf_top10","naive_bayes",0.981852003607247,0.9847646132751,0.957878787878788,0.0180645921955355,4
"enet_025 + glmnet_0.5","enet_025","glmnet_0.5",0.981732209608143,0.985585631337498,0.955757575757576,0.0192793100322187,4
"all + glmnet_0.5","all","glmnet_0.5",0.981717349976326,0.988434699952652,0.95,0.0218422830118283,4
"enet_075 + naive_bayes","enet_075","naive_bayes",0.981234688308097,0.986560285707104,0.951818181818182,0.0207092565753029,4
"all + glmnet_1","all","glmnet_1",0.980869958536151,0.987497492829878,0.948484848484848,0.0224160808479723,4
"enet_050 + glmnet_0","enet_050","glmnet_0",0.980845767871186,0.992146081196917,0.939090909090909,0.028083214723952,4
"univ_top10 + glmnet_0","univ_top10","glmnet_0",0.980446451975958,0.985892903951916,0.95,0.0214865969248034,4
"enet_025 + glmnet_0.75","enet_025","glmnet_0.75",0.980439603746571,0.98284890446284,0.956060606060606,0.0183720862859228,4
"rf_top10 + glmnet_0.25","rf_top10","glmnet_0.25",0.980375602297927,0.986054234898885,0.949393939393939,0.0221755722698621,4
"enet_025 + glmnet_1","enet_025","glmnet_1",0.979911664253115,0.984217267900169,0.951212121212121,0.020904958331455,4
"rf_top5 + glmnet_0","rf_top5","glmnet_0",0.979501155221916,0.983396249837771,0.951212121212121,0.0206805298905698,4
"lasso + glmnet_0","lasso","glmnet_0",0.979494006901579,0.989139528954673,0.93969696969697,0.0271466502779646,4
"all + glmboost","all","glmboost",0.979479948794737,0.988202321831899,0.941515151515152,0.0261326855915221,4
"rf_top10 + glmnet_0.75","rf_top10","glmnet_0.75",0.979458861634475,0.986796511147738,0.944242424242424,0.0247063805078809,4
"univ_top10 + glmnet_0.25","univ_top10","glmnet_0.25",0.979114536764732,0.986713922014313,0.943030303030303,0.0249138227116929,4
"enet_075 + glmnet_0.75","enet_075","glmnet_0.75",0.979012405811197,0.987418751016334,0.941212121212121,0.0258924464587184,4
"enet_075 + lda","enet_075","lda",0.978885582758672,0.987771165517344,0.94,0.0265989147558775,4
"enet_050 + lda","enet_050","lda",0.978840925634385,0.989803063389981,0.935757575757576,0.0291668349994687,4
"rf_top10 + lda","rf_top10","lda",0.97874998781682,0.985075733209398,0.944848484848485,0.0237874237549179,4
"all + naive_bayes","all","naive_bayes",0.978538014598271,0.983591180711693,0.946969696969697,0.0225806951459243,4
"enet_050 + glmnet_0.5","enet_050","glmnet_0.5",0.978526200761359,0.990234219704536,0.933636363636364,0.030480732057893,4
"enet_025 + lda","enet_025","lda",0.978391847221389,0.985117027776111,0.943333333333333,0.0250034668596297,4
"enet_050 + rf","enet_050","rf",0.978382092983053,0.988430852632772,0.936666666666667,0.0287528166811465,4
"rf_top5 + glmnet_0.25","rf_top5","glmnet_0.25",0.978355398995285,0.981559282839055,0.95030303030303,0.0207794844072372,4
"rf_top10 + rf","rf_top10","rf",0.978196673966315,0.983666075205357,0.945454545454545,0.0232208196822761,4
"rf_top10 + glmnet_0.5","rf_top10","glmnet_0.5",0.978093663258967,0.98164187197248,0.949090909090909,0.0229129183659085,4
"enet_025 + glmboost","enet_025","glmboost",0.978074138110576,0.985390700463576,0.941515151515152,0.0259542791719139,4
"univ_top10 + svm_linear","univ_top10","svm_linear",0.977903656954492,0.984292162393833,0.943030303030303,0.0244065604109749,4
"enet_075 + svm_linear","enet_075","svm_linear",0.977871376658259,0.988318510892276,0.934848484848485,0.0292701613808862,4
"univ_top10 + lda","univ_top10","lda",0.977800662918864,0.985146780383183,0.940909090909091,0.0266590477587525,4
"rf_top10 + glmboost","rf_top10","glmboost",0.97780046542311,0.984843355088645,0.941515151515152,0.0257587873434987,4
"univ_top10 + rf","univ_top10","rf",0.97776551765176,0.982803762576247,0.945454545454545,0.0236924697179962,4
"lasso + glmnet_1","lasso","glmnet_1",0.977655358624075,0.986522838460272,0.937575757575758,0.0277993044975082,4
"enet_075 + glmnet_0.5","enet_075","glmnet_0.5",0.977590054216432,0.988513441766197,0.933333333333333,0.0300269098679339,4
"enet_050 + glmnet_0.25","enet_050","glmnet_0.25",0.97754135227651,0.990234219704536,0.92969696969697,0.0324167739677762,4
"all + xgboost","all","xgboost",0.977463917910505,0.979246017639192,0.951363636363636,0.0217074114484852,4
"lasso + svm_linear","lasso","svm_linear",0.977440902601763,0.989881805203526,0.93,0.0320787401243034,4
"rf_top10 + xgboost","rf_top10","xgboost",0.977435801696822,0.977371603393644,0.955,0.0196588929748675,4
"enet_050 + glmboost","enet_050","glmboost",0.977434494249283,0.988202321831899,0.933333333333333,0.0301120159711955,4
"lasso + glmnet_0.5","lasso","glmnet_0.5",0.977380444534728,0.98839725270582,0.932727272727273,0.0303935803731287,4
"lasso + glmboost","lasso","glmboost",0.977239563375361,0.987812460084056,0.933333333333333,0.0301801370174328,4
"enet_075 + xgboost","enet_075","xgboost",0.977239477451884,0.977054712479526,0.954848484848485,0.0225545208214057,4
"enet_050 + svm_linear","enet_050","svm_linear",0.977206600821069,0.989413201642139,0.93,0.0319901254535336,4
"enet_075 + glmboost","enet_075","glmboost",0.977053342833649,0.98683395839457,0.934545454545455,0.0290980946728956,4
"enet_025 + svm_radial","enet_025","svm_radial",0.977049417284931,0.980310955781983,0.947575757575758,0.0223798892779985,4
"enet_075 + rf","enet_075","rf",0.977011366008878,0.984325762320785,0.939393939393939,0.0274019090782283,4
"enet_050 + glmnet_0.75","enet_050","glmnet_0.75",0.976898843444346,0.986676474767481,0.934242424242424,0.0291291200359254,4
"enet_025 + naive_bayes","enet_025","naive_bayes",0.97669638208298,0.980817006590202,0.945151515151515,0.0230507283543154,4
"lasso + lda","lasso","lda",0.976674115077954,0.985469442277121,0.935757575757576,0.0288662184749077,4
"univ_top10 + glmnet_0.75","univ_top10","glmnet_0.75",0.976642652978416,0.988588336259861,0.929393939393939,0.032114608260615,4
"enet_025 + xgboost","enet_025","xgboost",0.976598053563926,0.98077186470361,0.944848484848485,0.0237330708463195,4
"rf_top5 + glmnet_0.5","rf_top5","glmnet_0.5",0.976509721664361,0.978473988783267,0.949090909090909,0.0214103858175176,4
"enet_075 + glmnet_0.25","enet_075","glmnet_0.25",0.976471974326578,0.98718637289558,0.931515151515152,0.0307526936225885,4
"rf_top10 + svm_radial","rf_top10","svm_radial",0.976467987220742,0.977026883532394,0.951818181818182,0.0198608646901324,4
"univ_top10 + naive_bayes","univ_top10","naive_bayes",0.976411454702425,0.982065333647275,0.941515151515152,0.0247530252027696,4
"enet_050 + glmnet_1","enet_050","glmnet_1",0.976342167036266,0.987381303769501,0.930606060606061,0.0311831815884055,4
"enet_050 + naive_bayes","enet_050","naive_bayes",0.976308082347009,0.985191922269775,0.934848484848485,0.0285223839354773,4
"univ_top10 + glmnet_0.5","univ_top10","glmnet_0.5",0.976235748885944,0.986713922014313,0.931515151515152,0.030509974104992,4
"rf_top5 + xgboost","rf_top5","xgboost",0.976156119231559,0.980282613858867,0.94530303030303,0.0233826562061846,4
"lasso + glmnet_0.75","lasso","glmnet_0.75",0.97609318644779,0.98718637289558,0.93,0.0314914753259675,4
"lasso + rf","lasso","rf",0.975974391469415,0.984524540514587,0.934848484848485,0.0285805796561121,4
"lasso + glmnet_0.25","lasso","glmnet_0.25",0.975971028911839,0.986639027520649,0.930606060606061,0.0310247585170773,4
"univ_top5 + glmnet_0","univ_top5","glmnet_0",0.97566893607242,0.979519690326658,0.943636363636364,0.0248639145598066,4
"rf_top5 + lda","rf_top5","lda",0.975609402644596,0.981521835592223,0.939393939393939,0.0261134740917859,4
"enet_075 + glmnet_1","enet_075","glmnet_1",0.975434938229997,0.983748664338782,0.934242424242424,0.0288373338357779,4
"enet_050 + xgboost","enet_050","xgboost",0.975404717532339,0.984445798701042,0.932727272727273,0.0296917100979486,4
"rf_top5 + svm_linear","rf_top5","svm_linear",0.975270544816403,0.976753210844928,0.947575757575758,0.0216092878509237,4
"rf_top10 + glmnet_1","rf_top10","glmnet_1",0.975179109412135,0.980509733975784,0.93969696969697,0.0273139777058612,4
"rf_top5 + glmnet_0.75","rf_top5","glmnet_0.75",0.975134830607636,0.980269661215271,0.94,0.0253030315337893,4
"univ_top10 + svm_radial","univ_top10","svm_radial",0.974980150394299,0.982687573515871,0.934545454545455,0.0284743982530478,4
"enet_075 + svm_radial","enet_075","svm_radial",0.974744607211724,0.984640729574964,0.92969696969697,0.0312766371522654,4
"univ_top10 + glmboost","univ_top10","glmboost",0.974424534564065,0.9835460388251,0.930606060606061,0.0307726778310919,4
"univ_top5 + glmnet_0.5","univ_top5","glmnet_0.5",0.974142089987273,0.979950846641213,0.936666666666667,0.0274727326455051,4
"rf_top5 + naive_bayes","rf_top5","naive_bayes",0.974124348712866,0.973551727728763,0.949393939393939,0.0215106252564975,4
"all + gbm","all","gbm",0.97404854625171,0.97279406220039,0.950606060606061,0.0253698111979939,4
"univ_top10 + xgboost","univ_top10","xgboost",0.973868166582795,0.976902999832257,0.941666666666667,0.0249633356409781,4
"univ_top10 + glmnet_1","univ_top10","glmnet_1",0.973816352802311,0.983238766210682,0.928787878787879,0.0310836208480429,4
"univ_top5 + glmnet_0.25","univ_top5","glmnet_0.25",0.973797945941565,0.977292861580099,0.940606060606061,0.0257970909504338,4
"rf_top5 + glmboost","rf_top5","glmboost",0.973752470620583,0.980232213968439,0.934545454545455,0.0281152953827946,4
"univ_top5 + svm_linear","univ_top5","svm_linear",0.97297524660038,0.976708068958336,0.938484848484848,0.0261796015614393,4
"lasso + naive_bayes","lasso","naive_bayes",0.972735461106417,0.978046679788592,0.934848484848485,0.0284703389709874,4
"univ_top5 + glmnet_0.75","univ_top5","glmnet_0.75",0.972734976344112,0.97592449814277,0.939090909090909,0.0266811886974282,4
"univ_top5 + glmnet_1","univ_top5","glmnet_1",0.972158273353616,0.975377152767839,0.937878787878788,0.0272980880260628,4
"enet_050 + svm_radial","enet_050","svm_radial",0.9719580601095,0.990582786885666,0.906666666666667,0.0437607410230348,4
"rf_top5 + glmnet_1","rf_top5","glmnet_1",0.971183240664222,0.975699814661777,0.933333333333333,0.0280985305587111,4
"lasso + gbm","lasso","gbm",0.97070581199225,0.96951768459056,0.943787878787879,0.0241171758911615,4
"enet_025 + gbm","enet_025","gbm",0.970680006094155,0.968453608247423,0.945812807881773,0.0273116673576687,4
"enet_075 + gbm","enet_075","gbm",0.969211192982078,0.969073726960325,0.938697318007663,0.0297415146143763,4
"rf_top10 + gbm","rf_top10","gbm",0.968933785829449,0.968108403623868,0.93951833607006,0.0283002330831581,4
"univ_top5 + naive_bayes","univ_top5","naive_bayes",0.96809291944379,0.97557977828152,0.921212121212121,0.0333143680998391,4
"rf_top5 + rf","rf_top5","rf",0.967070196659603,0.963534332713145,0.941212121212121,0.0283203199503965,4
"lasso + svm_radial","lasso","svm_radial",0.966822144557658,0.980310955781983,0.906666666666667,0.0415099380489178,4
"enet_050 + gbm","enet_050","gbm",0.966470922725811,0.965782567947516,0.93431855500821,0.0340998683147241,4
"rf_top5 + gbm","rf_top5","gbm",0.964127843361757,0.965201499531396,0.926108374384236,0.0335533349944977,4
"univ_top5 + glmboost","univ_top5","glmboost",0.964020368480909,0.967283161204242,0.921515151515152,0.036717258112273,4
"univ_top5 + svm_radial","univ_top5","svm_radial",0.962916285140779,0.963256812705799,0.925151515151515,0.0365511022989399,4
"univ_top5 + rf","univ_top5","rf",0.958606868799723,0.971607676993386,0.891212121212121,0.047538265696283,4
"univ_top5 + xgboost","univ_top5","xgboost",0.958596263662474,0.967268284900706,0.899848484848485,0.043518210184935,4
"lasso + xgboost","lasso","xgboost",0.957874610330618,0.958703766115782,0.914090909090909,0.0411355998495073,4
"univ_top5 + gbm","univ_top5","gbm",0.956238795322069,0.964977590644139,0.895,0.0475300551352697,4
"univ_top5 + lda","univ_top5","lda",0.953775428860747,0.95391449408513,0.907272727272727,0.0455794214578661,4
"univ_top10 + gbm","univ_top10","gbm",0.952061491457154,0.970078100593565,0.868089764641489,0.0590032592918482,4
"rf_top5 + svm_radial","rf_top5","svm_radial",0.944476402848248,0.952171196501093,0.873563218390805,0.0581575387912914,4
